idCas,predicted_cluster,prob_LAI_improver,predicted_improver
69434608,0,0.6635519,1
69601104,0,0.5371175,1
69979943,0,0.71898705,1
75867474,0,0.5117807,1
76480115,0,0.52142906,1
76521215,1,0.0022725065,0
77012784,1,0.0031530638,0
77559163,0,0.71842545,1
77568369,3,0.068941705,0
77976290,2,0.4622032,0
78391053,0,0.52142906,1
78440654,0,0.66767746,1
78440881,2,0.24343444,0
78567366,0,0.5437102,1
78768246,0,0.56900024,1
79073945,0,0.5080795,1
79438381,1,0.00244033,0
80338092,0,0.5880487,1
81895860,0,0.52142906,1
81990405,0,0.5483051,1
83125809,0,0.7571738,1
83430352,0,0.56608313,1
83888690,1,0.0024387287,0
83889696,1,0.0027097664,0
83891376,0,0.79316485,1
83897358,1,0.0022708047,0
83898837,0,0.7223348,1
83902756,1,0.0022698804,0
83903867,1,0.029170522,0
83904791,2,0.32210192,0
83915804,0,0.65098125,1
83924293,1,0.002852196,0
83926490,1,0.03648437,0
83946465,0,0.51006305,1
83952051,1,0.0071988693,0
83953477,1,0.0036529622,0
83958018,3,0.38174403,0
84005558,1,0.002573854,0
84010771,1,0.100122005,0
84025875,3,0.032701146,0
84043906,2,0.2715798,0
84053558,0,0.7303485,1
84056807,0,0.52659565,1
84058259,1,0.0022717214,0
84060523,0,0.615802,1
84062043,1,0.0025695406,0
84084329,1,0.0039705047,0
84087042,2,0.32523525,0
84095451,1,0.0024411734,0
84104134,1,0.0022698045,0
84107176,1,0.0030652003,0
84111163,0,0.7102859,1
84116203,1,0.0025732396,0
84116789,1,0.0035095306,0
84122459,0,0.6371873,1
84124736,1,0.0022717214,0
84130916,0,0.71898705,1
84136609,1,0.00251161,0
84136768,0,0.7979818,1
84137316,1,0.0022725065,0
84143493,0,0.6234326,1
84145535,0,0.6240734,1
84151474,0,0.7363061,1
84158493,0,0.493725,1
84165086,0,0.7547713,1
84176168,0,0.5182786,1
84180877,0,0.6836497,1
84182665,0,0.48674002,1
84186605,3,0.08934103,0
84187683,1,0.0022717214,0
84199223,3,0.01437479,0
84209065,3,0.026943011,0
84225672,0,0.5429576,1
84225805,3,0.047113575,0
84226434,0,0.7093107,1
84229379,0,0.65898985,1
84233622,1,0.0025515726,0
84238607,1,0.022742195,0
84243565,1,0.0025096615,0
84267442,1,0.0023743496,0
84268628,0,0.6636781,1
84271357,0,0.5224131,1
84273816,3,0.016541421,0
84282074,1,0.002912886,0
84286156,0,0.35561356,1
84291365,2,0.43832824,0
84308502,1,0.00244033,0
84309010,1,0.0028456352,0
84309044,1,0.03896474,0
84316718,0,0.62552863,1
84326805,0,0.6302014,1
84330369,1,0.0022697384,0
84332246,1,0.00251161,0
84339369,1,0.0022698804,0
84343310,0,0.6636781,1
84348347,1,0.0025505559,0
84351267,0,0.750759,1
84366417,0,0.6371873,1
84368324,0,0.6067658,1
84372127,1,0.002689166,0
84376954,0,0.5488255,1
84379164,2,0.32795626,0
84381180,1,0.0027126516,0
84387988,1,0.0027077626,0
84390049,0,0.5825496,1
84395338,2,0.26969367,0
84395654,0,0.5925998,1
84401276,0,0.73400855,1
84401402,2,0.4476456,0
84403786,2,0.12039092,0
84404436,1,0.0023743496,0
84412862,1,0.0028470578,0
84417872,1,0.012064385,0
84418436,1,0.0032998782,0
84427107,0,0.83767706,1
84432461,1,0.0022698804,0
84434563,1,0.0028445737,0
84459427,0,0.62968755,1
84466033,1,0.003655126,0
84467594,3,0.010254381,0
84468548,0,0.5550323,1
84469327,1,0.0028518366,0
84474313,1,0.0022708047,0
84490818,0,0.76678795,1
84494765,0,0.39205658,1
84501608,0,0.42404053,1
84501993,0,0.66718054,1
84531079,0,0.6169551,1
84540110,0,0.3986676,1
84556264,0,0.615802,1
84559528,2,0.42899612,0
84574151,1,0.0036529622,0
84591719,0,0.552565,1
84595217,1,0.0025729649,0
84598817,1,0.009799858,0
84609294,1,0.020891955,0
84612567,2,0.040639594,0
84616314,3,0.024615886,0
84617672,2,0.056397956,0
84622177,0,0.61657405,1
84623207,1,0.02170916,0
84624667,0,0.64846873,1
84630099,0,0.5316582,1
84631567,0,0.7259871,1
84634244,3,0.16352424,0
84638352,0,0.66984695,1
84642335,0,0.8315716,1
84649343,1,0.0024379855,0
84657266,1,0.0024362893,0
84660606,1,0.045026414,0
84673081,1,0.057986364,0
84679950,0,0.6371873,1
84683881,1,0.0027098912,0
84692868,0,0.5120579,1
84698575,0,0.62968755,1
84700620,1,0.0022725065,0
84702338,2,0.40890053,0
84705409,1,0.012270227,0
84718132,1,0.0022714988,0
84722965,1,0.0025729649,0
84723682,3,0.043092083,0
84724724,1,0.003071126,0
84728389,1,0.002689166,0
84741089,0,0.5659896,1
84744924,1,0.06360389,0
84748008,2,0.43528223,0
84752025,0,0.5193701,1
84754833,1,0.079808384,0
84756047,1,0.0025729649,0
84766551,0,0.6322291,1
84766784,0,0.61023015,1
84766967,1,0.0035051364,0
84779465,1,0.00244033,0
84781638,2,0.17824787,0
84789099,1,0.00244033,0
84793763,2,0.39559934,0
84795845,1,0.0023735946,0
84796386,0,0.58843637,1
84808145,0,0.6570121,1
84808389,1,0.0036568488,0
84814322,3,0.3733471,0
84814781,1,0.004217041,0
84815086,0,0.7223348,1
84820990,0,0.42799252,1
84824430,1,0.0022715777,0
84825631,1,0.02550634,0
84826075,1,0.048576273,0
84832200,0,0.72744465,1
84841321,0,0.62968755,1
84842714,1,0.002849141,0
84843691,0,0.50556123,1
84846646,1,0.0022725065,0
84851352,0,0.7608368,1
84853411,3,0.19651486,0
84855670,0,0.6370562,1
84858868,3,0.045288116,0
84862734,0,0.7888293,1
84864971,1,0.00251161,0
84869467,1,0.0025096615,0
84877501,0,0.51179534,1
84881859,1,0.0039685317,0
84883770,0,0.5206868,1
84888186,2,0.42015216,0
84890196,1,0.037915297,0
84892410,0,0.7115428,1
84893122,0,0.5656647,1
84896231,0,0.5282085,1
84896914,0,0.6371873,1
84898451,0,0.505781,1
84904459,1,0.0022717214,0
84909099,1,0.042295083,0
84921284,1,0.0024385776,0
84923365,1,0.0026871308,0
84927013,0,0.52788454,1
84946429,2,0.055432454,0
84959357,0,0.6636781,1
84962200,0,0.5236177,1
84970038,1,0.0039685317,0
85022332,1,0.0025719276,0
85071607,0,0.6636781,1
85094990,1,0.0025732396,0
85209807,0,0.33878785,1
85210459,0,0.57550186,1
85220028,1,0.08498412,0
85225002,1,0.0035180373,0
85228370,2,0.090607606,0
85284493,0,0.6631807,1
85284561,1,0.00251041,0
85293739,1,0.0027126516,0
85331684,0,0.5371175,1
85331709,1,0.0022717214,0
85332856,1,0.0024382004,0
85335247,0,0.50556123,1
85339170,1,0.00251161,0
85340919,0,0.6293993,1
85349155,1,0.0022709982,0
85358247,1,0.0022725065,0
85361347,1,0.0028445737,0
85369453,0,0.72195554,1
85371066,0,0.6371873,1
85371717,0,0.7303485,1
85375896,0,0.5643323,1
85379704,1,0.012494868,0
85389136,0,0.35163462,1
85411386,1,0.002689166,0
85421058,0,0.72195554,1
85430062,0,0.6368922,1
85434538,1,0.034207806,0
85446358,0,0.5120579,1
85451142,1,0.0028418216,0
85471838,1,0.0023743496,0
85472323,1,0.00227023,0
85504298,1,0.017423248,0
85507533,2,0.068684675,0
85509409,1,0.0022707165,0
85510249,0,0.65808433,1
85512143,0,0.62968755,1
85522526,2,0.46695748,0
85586564,1,0.0035083292,0
85587417,0,0.58772063,1
85603077,0,0.52307206,1
85605927,0,0.520174,1
85610760,0,0.6868901,1
85612521,0,0.5367825,1
85617456,2,0.0412765,0
85638530,1,0.0027117145,0
85662626,2,0.2777858,0
85684057,1,0.0034518621,0
85684433,0,0.51179534,1
85687942,0,0.5659915,1
85705604,1,0.0025708803,0
85720810,1,0.0022534006,0
85725761,0,0.5587798,1
85730028,1,0.00244033,0
85730753,1,0.028292358,0
85757283,1,0.0047573047,0
85779941,0,0.6504151,1
85813219,1,0.0035211248,0
85829787,1,0.06495531,0
85836468,0,0.88332367,1
85837325,1,0.0022725065,0
85837408,2,0.03528845,0
85837640,1,0.0022698804,0
85841410,1,0.0047295806,0
85846426,0,0.46314606,1
85848412,1,0.0034993575,0
85851558,0,0.75637347,1
85897748,1,0.019070923,0
85923266,0,0.6636781,1
85945067,0,0.6293993,1
85947138,0,0.6034064,1
85953686,1,0.09212043,0
85954361,0,0.5060235,1
85954450,1,0.004599969,0
85955071,0,0.8301245,1
85955974,0,0.49719623,1
85960952,0,0.6436035,1
85961925,1,0.0022719637,0
85968867,1,0.0025486255,0
85980848,0,0.56572527,1
86099181,0,0.74358046,1
86099430,0,0.6837318,1
86364797,0,0.52042824,1
86367014,1,0.004154769,0
86443064,1,0.0045814235,0
86449221,0,0.7961347,1
86450155,2,0.22925287,0
86454429,1,0.0025721283,0
86455584,0,0.63160235,1
86461211,1,0.0030609847,0
86461438,1,0.0024385776,0
86461768,1,0.00251161,0
86473027,2,0.04773465,0
86503593,0,0.69291437,1
86542947,1,0.0025719276,0
86545017,0,0.3779286,1
86554644,2,0.43158984,0
86555601,0,0.6636781,1
86556573,1,0.011921272,0
86560536,0,0.6441337,1
86627792,1,0.0022717214,0
86709809,0,0.5912879,1
86729149,0,0.615802,1
86734643,1,0.0115283495,0
86774706,1,0.0022717214,0
86779734,0,0.5224131,1
86789380,0,0.5060235,1
86790722,0,0.62968755,1
86794476,1,0.0022717214,0
86823548,1,0.0027126516,0
86825900,1,0.0022719637,0
86828022,0,0.42184445,1
86829511,2,0.45464188,0
86870893,0,0.5120579,1
86874766,1,0.0025096615,0
86877432,1,0.046819992,0
86881098,1,0.0038835958,0
86887379,1,0.0030576885,0
87032526,0,0.6242067,1
87034450,1,0.0028532739,0
87038538,0,0.6458583,1
87042335,1,0.0022719637,0
87044247,1,0.0027077626,0
87065603,0,0.6169551,1
87070356,1,0.0023723824,0
87071537,1,0.05262804,0
87081454,0,0.70696443,1
87082664,2,0.35083425,0
87097269,2,0.44290036,0
87097764,1,0.0025098296,0
87106371,2,0.04339206,0
87112206,0,0.63924617,1
87112358,0,0.51205915,1
87115827,1,0.0035137436,0
87118504,1,0.0025098296,0
87119124,2,0.40158483,0
87121831,0,0.6293993,1
87127554,0,0.52659565,1
87129069,1,0.022264939,0
87133524,0,0.51971114,1
87135590,0,0.7286279,1
87136131,1,0.0035100088,0
87141750,2,0.36564627,0
87145553,0,0.5429576,1
87147081,1,0.006025626,0
87150707,0,0.6371873,1
87152818,0,0.5429576,1
87158213,0,0.6040458,1
87159311,1,0.04202637,0
87161319,1,0.00701265,0
87168210,1,0.00244033,0
87173653,3,0.009366946,0
87178416,0,0.7286279,1
87180834,1,0.0025719276,0
87195536,0,0.62638855,1
87203407,1,0.0022700895,0
87204831,2,0.3485375,0
87222235,0,0.77171373,1
87222570,1,0.002269029,0
87222901,1,0.0032769446,0
87229959,1,0.0027114092,0
87246109,3,0.20270568,0
87247736,0,0.77511996,1
87251335,1,0.0022717214,0
87256272,1,0.00251161,0
87257104,1,0.00227023,0
87258620,1,0.00285885,0
87267926,1,0.0022708047,0
87269065,0,0.6234326,1
87281910,0,0.6242067,1
87301607,1,0.0035392428,0
87308138,1,0.004648344,0
87311144,1,0.0030652003,0
87321913,0,0.7286279,1
87322390,0,0.653539,1
87322728,0,0.6663117,1
87324054,3,0.18305065,0
87327258,2,0.45020092,0
87327272,1,0.004400068,0
87329210,1,0.0030626846,0
87329248,3,0.10789147,0
87335495,2,0.3751225,0
87344555,0,0.5120579,1
87359681,1,0.0033438762,0
87361986,1,0.00251161,0
87364191,0,0.66433805,1
87365401,1,0.002910794,0
87373752,1,0.00251161,0
87382342,0,0.6371873,1
87384830,1,0.023772817,0
87386581,1,0.0028535412,0
87391637,3,0.038823113,0
87403387,3,0.012159467,0
87406675,1,0.0025729649,0
87408057,2,0.26971442,0
87408408,2,0.09083041,0
87409765,1,0.0031548874,0
87413255,1,0.00244033,0
87421997,1,0.0027117145,0
87422153,2,0.49129212,0
87431934,1,0.0046295077,0
87432220,0,0.6713624,1
87433719,0,0.73968977,1
87435522,0,0.520174,1
87443088,1,0.0027077626,0
87445192,0,0.6384287,1
87449868,3,0.009030711,0
87456005,0,0.62968755,1
87457446,1,0.066958874,0
87461588,0,0.520174,1
87463687,2,0.13836312,0
87466808,0,0.6371873,1
87473301,1,0.046225574,0
87478364,0,0.6371873,1
87482305,0,0.6155263,1
87482787,1,0.0022717214,0
87486351,0,0.55986905,1
87504618,0,0.65462685,1
87504798,2,0.06253353,0
87505087,1,0.0034062185,0
87507780,1,0.0027077626,0
87520482,1,0.0022717214,0
87524226,1,0.19620636,0
87526302,0,0.6293993,1
87527930,0,0.520174,1
87532339,0,0.66330683,1
87533971,1,0.0025125477,0
87534047,0,0.736114,1
87536937,0,0.6295551,1
87544722,1,0.0032500357,0
87545848,1,0.0027126516,0
87553936,1,0.00251161,0
87558337,1,0.0022717214,0
87560353,0,0.5120579,1
87568502,1,0.0030641495,0
87571014,1,0.00285885,0
87572736,2,0.41571367,0
87574071,1,0.03194034,0
87574322,1,0.0024411734,0
87589707,1,0.0066978093,0
87592967,1,0.012213436,0
87594341,0,0.7904222,1
87596939,0,0.62968755,1
87604018,1,0.0028535412,0
87604242,1,0.0039590234,0
87611455,0,0.64002836,1
87615859,0,0.5950771,1
87619210,0,0.5429576,1
87622103,1,0.05378531,0
87624907,1,0.002572713,0
87627787,1,0.0043976395,0
87630863,1,0.0025729649,0
87640216,0,0.6422868,1
87645625,0,0.7286279,1
87647503,0,0.5890989,1
87663493,3,0.17289867,0
87664208,0,0.6636781,1
87672891,0,0.5404314,1
87673586,1,0.017400444,0
87674004,1,0.0027105147,0
87674155,1,0.0027126516,0
87675171,0,0.52659565,1
87675734,2,0.14227335,0
87675894,1,0.0022725065,0
87677943,1,0.0025505559,0
87681739,1,0.0025729649,0
87692212,0,0.55350316,1
87693780,3,0.05833934,0
87699152,0,0.5055855,1
87702856,3,0.11800895,0
87706061,1,0.0027117145,0
87707372,1,0.00661551,0
87707577,0,0.6246623,1
87714200,1,0.0107532125,0
87714217,0,0.50616646,1
87724457,1,0.0027126516,0
87731976,0,0.661497,1
87740520,3,0.040457763,0
87744485,1,0.002689166,0
87746801,0,0.62968755,1
87756742,1,0.0027126516,0
87757906,0,0.5429576,1
87758356,1,0.0035126563,0
87761186,1,0.0022709824,0
87764018,0,0.4326315,1
87765810,0,0.8467842,1
87767481,0,0.6631881,1
87767838,3,0.10245542,0
87767877,0,0.6371873,1
87768112,0,0.62588793,1
87772648,1,0.0022717214,0
87776925,2,0.046532735,0
87777423,1,0.049091585,0
87789256,1,0.002921294,0
87790551,0,0.79755694,1
87798770,0,0.7842326,1
87803097,1,0.002573854,0
87803110,1,0.0022683218,0
87808032,0,0.6366831,1
87809029,1,0.0023743496,0
87816619,0,0.5200316,1
87817782,1,0.06953495,0
87820948,1,0.0022717214,0
87822549,1,0.0028512487,0
87822792,1,0.025079183,0
87828107,3,0.035470463,0
87837569,1,0.004744754,0
87839206,0,0.62968755,1
87843536,0,0.4057061,1
87843595,0,0.57491636,1
87858413,1,0.0025729649,0
87858883,1,0.015961973,0
87877023,1,0.0022717214,0
87878611,1,0.0022717214,0
87881312,1,0.0023743496,0
87883167,0,0.72992945,1
87885168,2,0.23947409,0
87888047,1,0.004353013,0
87894292,0,0.814445,1
87895683,1,0.0022700895,0
87898428,0,0.6217056,1
87899489,3,0.018868461,0
87901703,1,0.00227023,0
87902145,1,0.0023743496,0
87902711,2,0.41185838,0
87906340,0,0.62968755,1
87907134,1,0.0022717214,0
87908415,0,0.62968755,1
87914669,0,0.7013882,1
87920817,1,0.0027090735,0
87921352,0,0.6636781,1
87928632,2,0.41471016,0
87929591,1,0.0022698804,0
87937452,1,0.0022698804,0
87939192,2,0.34883577,0
87946444,1,0.01082622,0
87949058,2,0.24617302,0
87956273,0,0.5207174,1
87957033,2,0.39148122,0
87961730,1,0.0028445737,0
87961774,0,0.5210261,1
87961850,0,0.5120579,1
87965102,2,0.38139388,0
87965119,2,0.48070425,0
87967852,1,0.0027126516,0
87969926,0,0.6371873,1
87972647,1,0.00251161,0
87974368,0,0.6633579,1
87975610,1,0.028154965,0
87978456,3,0.2730934,0
87981907,1,0.0025125477,0
87986578,0,0.73863125,1
87987932,1,0.0023752963,0
87988647,0,0.58032006,1
87989980,1,0.011747836,0
87990730,1,0.004756114,0
87992720,0,0.5187181,1
87993019,0,0.6290629,1
87994772,0,0.51944065,1
87998297,0,0.68319803,1
87998989,3,0.0693507,0
87999159,0,0.643586,1
88004958,1,0.0025708803,0
88005742,3,0.2740801,0
88006074,2,0.081786625,0
88006115,0,0.7738172,1
88008315,1,0.002573854,0
88290141,0,0.52142906,1
88311573,1,0.0028505058,0
88314528,1,0.0028533165,0
88424439,0,0.5120579,1
88654945,0,0.5120579,1
88670196,1,0.003154121,0
88764085,2,0.3218748,0
89151760,1,0.0022717214,0
89396819,0,0.33042568,1
89503218,0,0.5371175,1
89882713,2,0.30737096,0
90022550,2,0.09647657,0
90056478,1,0.0025482622,0
90116242,2,0.05976905,0
90229650,1,0.0030667696,0
90570211,2,0.34792143,0
90625027,0,0.4509302,1
90869749,0,0.67408353,1
90914017,1,0.002854023,0
90916560,0,0.7790603,1
90958430,0,0.65079397,1
90962181,0,0.74626863,1
90963302,0,0.53976804,1
90978619,1,0.0076983054,0
90984667,1,0.004691344,0
91001083,0,0.55990916,1
91001271,0,0.49719623,1
91025241,1,0.0061602714,0
91034026,1,0.00251161,0
91034540,2,0.18276271,0
91050679,0,0.62968755,1
91050777,0,0.74218786,1
91058744,0,0.50616646,1
91059337,0,0.5985717,1
91069141,1,0.0027075727,0
91071383,0,0.35121354,1
91090322,0,0.5120579,1
91095273,3,0.034564894,0
91099830,0,0.54469377,1
91116573,0,0.5371175,1
91139167,1,0.0023743496,0
91141723,0,0.5806357,1
91158693,3,0.15297358,0
91163839,1,0.0023752963,0
91164410,1,0.008807894,0
91182610,1,0.002432741,0
91191664,1,0.0022717214,0
91193084,1,0.00251161,0
91193452,0,0.51521087,1
91361097,0,0.49719623,1
91386899,0,0.57242346,1
91397064,2,0.4713244,0
91416743,0,0.8063058,1
91522700,1,0.002711146,0
91561313,1,0.0026224498,0
91681929,0,0.55313,1
91831389,1,0.0023752963,0
92221169,0,0.6242067,1
92274788,1,0.0022721696,0
92275559,1,0.0030673223,0
92275939,1,0.0022671,0
92277064,1,0.0027291833,0
92279478,0,0.50269353,1
92279485,1,0.0035140102,0
92279501,1,0.0025729649,0
92280090,1,0.004318531,0
92280687,1,0.0025729649,0
92282496,0,0.6017229,1
92282600,1,0.1576417,0
92283750,2,0.04515693,0
92288154,1,0.0022717214,0
92292101,1,0.0021742533,0
92292164,1,0.0034528025,0
92293039,1,0.0027117145,0
92295428,0,0.6632558,1
92296397,0,0.5224131,1
92297077,3,0.009129241,0
92297382,1,0.002568705,0
92297685,0,0.6371873,1
92298017,0,0.6293993,1
92301323,1,0.012091329,0
92303055,0,0.51179534,1
92303758,1,0.0025096615,0
92303851,1,0.00426646,0
92304470,1,0.0028535412,0
92304660,1,0.010012894,0
92305249,1,0.0025096615,0
92308073,1,0.0022709982,0
92308119,0,0.680116,1
92309061,0,0.5200316,1
92313160,2,0.1282914,0
92314359,0,0.51191515,1
92318400,0,0.4969487,1
92318681,1,0.0022715777,0
92319832,1,0.017776452,0
92321205,2,0.42899612,0
92321418,1,0.00251161,0
92323844,1,0.0022717214,0
92325366,0,0.6387387,1
92325890,0,0.60366136,1
92326790,1,0.0024385776,0
92326921,1,0.0023300021,0
92327162,1,0.0029283212,0
92329320,0,0.66304284,1
92332068,1,0.023764413,0
92332110,1,0.0024385776,0
92336552,3,0.017773516,0
92337726,1,0.0022704117,0
92342791,1,0.0022717214,0
92343762,1,0.004380307,0
92343824,0,0.5142941,1
92344704,1,0.0024387287,0
92345542,1,0.0027077626,0
92346579,0,0.53667545,1
92347024,2,0.052794088,0
92349677,1,0.0031816594,0
92350109,1,0.040679503,0
92350998,0,0.6371873,1
92351349,0,0.77397543,1
92351686,0,0.43981373,1
92352121,1,0.0041598678,0
92352355,1,0.04837696,0
92353680,0,0.75993514,1
92354398,1,0.0035161749,0
92356256,1,0.0032780883,0
92357955,1,0.0023752963,0
92358031,1,0.0022720664,0
92364001,1,0.003071126,0
92364197,0,0.63894916,1
92364260,1,0.0044105817,0
92365641,0,0.6363884,1
92366112,1,0.0027117145,0
92366447,0,0.5120579,1
92367251,2,0.46827874,0
92368225,1,0.003071126,0
92368247,0,0.6314696,1
92368775,1,0.0022725065,0
92370385,1,0.0022709982,0
92374164,1,0.0022717214,0
92374820,0,0.7223348,1
92379595,1,0.0027117145,0
92383367,1,0.00251161,0
92383992,3,0.08383471,0
92384082,1,0.0035137436,0
92385204,0,0.68841577,1
92385580,0,0.6370562,1
92386413,0,0.6690286,1
92389269,0,0.3981126,1
92392838,1,0.015238653,0
92394767,0,0.74324185,1
92394822,1,0.0022717214,0
92397636,1,0.00244033,0
92398168,1,0.0024411734,0
92399108,0,0.63035214,1
92404737,0,0.40827978,1
92408243,1,0.0022717214,0
92408981,1,0.0028533165,0
92411430,1,0.0025728024,0
92412223,0,0.5531882,1
92412734,1,0.0022700895,0
92413178,1,0.0022723007,0
92416550,1,0.0035137436,0
92416827,1,0.003510442,0
92417862,0,0.72337604,1
92418866,1,0.0035051364,0
92419322,1,0.0030721868,0
92419458,1,0.0022717214,0
92425625,1,0.0022698804,0
92426440,0,0.62968755,1
92426652,0,0.51179534,1
92427398,1,0.0035095306,0
92431657,3,0.05626354,0
92432872,0,0.73968977,1
92435235,1,0.0022716005,0
92437466,1,0.0022709982,0
92439670,1,0.0023743496,0
92443625,1,0.015275018,0
92443945,1,0.0022683218,0
92444175,1,0.0022717214,0
92449535,1,0.0025711174,0
92450108,2,0.09449888,0
92450529,2,0.4654501,0
92451783,1,0.0024392507,0
92453071,1,0.0028505058,0
92453680,1,0.0032599813,0
92455282,1,0.0025711174,0
92455419,0,0.44211087,1
92458709,0,0.5120579,1
92460084,1,0.0027117145,0
92462846,0,0.62968755,1
92463291,1,0.0025096615,0
92465809,1,0.0027117145,0
92466434,1,0.0024385776,0
92466847,1,0.0022700895,0
92467050,2,0.4720732,0
92468505,0,0.34174383,1
92470845,3,0.015567673,0
92471185,0,0.73863125,1
92471611,1,0.00251161,0
92472434,0,0.6371873,1
92472459,1,0.0022717214,0
92473296,2,0.40845883,0
92474935,3,0.028377298,0
92475720,1,0.004431039,0
92476396,1,0.002912886,0
92476914,1,0.0030512824,0
92481683,1,0.026764518,0
92485540,0,0.74324185,1
92486860,0,0.5120579,1
92488965,0,0.5007447,1
92489650,1,0.03210104,0
92492192,1,0.011183422,0
92492336,1,0.002271245,0
92492365,0,0.7286279,1
92494819,1,0.0022717214,0
92495100,1,0.0022700895,0
92495526,1,0.00244033,0
92498699,1,0.047552157,0
92499147,0,0.63083833,1
92499845,0,0.6242067,1
92500131,0,0.5295393,1
92502624,1,0.0037306242,0
92505579,0,0.41256952,1
92508427,0,0.58629495,1
92508429,0,0.62968755,1
92508541,1,0.0022725065,0
92509320,1,0.0026902377,0
92512794,3,0.250245,0
92512914,1,0.0025708803,0
92513062,1,0.0022698804,0
92514498,1,0.0033438762,0
92515661,0,0.520174,1
92516044,3,0.38174403,0
92518318,1,0.00244033,0
92521867,1,0.07956725,0
92524245,0,0.62968755,1
92525809,3,0.011876942,0
92526603,0,0.6643264,1
92532290,2,0.25267723,0
92533760,0,0.58920455,1
92537196,3,0.058252662,0
92538604,1,0.0022725065,0
92539971,1,0.002268697,0
92542115,0,0.6156673,1
92543858,0,0.6533877,1
92548564,0,0.51491505,1
92551114,1,0.0025729649,0
92552259,1,0.0027108514,0
92552522,0,0.5113473,1
92554269,0,0.66649497,1
92557089,0,0.5261708,1
92557421,0,0.5894518,1
92557579,1,0.0022717214,0
92558659,1,0.0024410535,0
92561645,2,0.38109475,0
92563136,1,0.002573854,0
92564079,0,0.62968755,1
92566113,1,0.002372866,0
92568604,1,0.008571417,0
92569479,0,0.7331781,1
92569673,1,0.00244033,0
92570385,0,0.6228326,1
92571643,0,0.615802,1
92573208,1,0.009866125,0
92573817,1,0.0024411734,0
92574464,1,0.003071126,0
92575829,3,0.010175903,0
92575864,1,0.0024385804,0
92576674,1,0.0022717214,0
92576927,1,0.0024385776,0
92578544,1,0.04959342,0
92579353,1,0.0028445737,0
92580669,1,0.04043927,0
92583159,0,0.71899015,1
92585165,0,0.6782542,1
92585396,0,0.62968755,1
92586230,1,0.009711163,0
92586541,1,0.10611798,0
92588220,1,0.0022717214,0
92588248,1,0.0024411734,0
92589110,0,0.6455695,1
92592119,0,0.38893613,1
92595258,1,0.022517605,0
92596297,1,0.00227023,0
92597920,2,0.020256426,0
92598289,1,0.0024392472,0
92598542,0,0.62968755,1
92599381,2,0.14637718,0
92600866,0,0.56668204,1
92602002,1,0.0022725065,0
92602923,1,0.0025711174,0
92603983,0,0.69232184,1
92605121,1,0.0022700895,0
92605479,1,0.00244033,0
92607396,1,0.0025715695,0
92608276,1,0.0025110415,0
92608303,1,0.0022717214,0
92611436,1,0.037688088,0
92612975,0,0.58404785,1
92613127,3,0.055083822,0
92614688,1,0.0027117145,0
92619374,0,0.7984138,1
92619746,0,0.62968755,1
92619837,3,0.05220192,0
92620485,1,0.0030652003,0
92622260,1,0.08021265,0
92625919,0,0.43869045,1
92628348,0,0.6366831,1
92628661,1,0.0022717214,0
92628889,3,0.297088,0
92631708,1,0.0022717214,0
92631965,1,0.0022725065,0
92632575,0,0.43626863,1
92633004,1,0.0024374314,0
92634893,2,0.0401953,0
92635496,1,0.0022717214,0
92640212,0,0.7365598,1
92641829,2,0.03928341,0
92644700,3,0.029848116,0
92645051,1,0.002573854,0
92645266,1,0.0024385776,0
92645585,1,0.011856524,0
92647501,1,0.0038439056,0
92647850,0,0.5047798,1
92649368,1,0.0023290722,0
92649642,2,0.38207257,0
92651271,2,0.25574386,0
92654174,0,0.32815522,1
92655207,0,0.677282,1
92655264,1,0.029238392,0
92655425,2,0.10757317,0
92656440,2,0.44429335,0
92657070,0,0.57491636,1
92657663,0,0.6368922,1
92658754,1,0.0022700895,0
92659865,3,0.008397812,0
92659893,1,0.0024395534,0
92661025,1,0.00251161,0
92664837,1,0.025881225,0
92666689,1,0.0030530149,0
92668273,1,0.00251161,0
92670832,1,0.0030721868,0
92670888,0,0.5120579,1
92674591,0,0.6572541,1
92675739,2,0.1393742,0
92676085,1,0.0022715777,0
92676288,1,0.023261884,0
92678385,0,0.7208958,1
92680669,1,0.0024398186,0
92681453,0,0.6242067,1
92681810,0,0.53068227,1
92683217,0,0.520174,1
92686615,2,0.3481568,0
92686856,1,0.00251161,0
92693092,1,0.0022725065,0
92693761,1,0.0025732396,0
92697171,1,0.0022717214,0
92699950,1,0.00251161,0
92702847,0,0.38355586,1
92703832,0,0.63299656,1
92706869,1,0.014459988,0
92708287,0,0.6371873,1
92712066,0,0.6301003,1
92712750,1,0.0039777993,0
92713011,1,0.0035108612,0
92713244,1,0.0024411734,0
92718636,1,0.00251161,0
92724205,1,0.0022698804,0
92726059,3,0.13695993,0
92726271,1,0.0022725065,0
92729303,0,0.62968755,1
92732535,1,0.003051665,0
92736611,1,0.012614043,0
92737552,1,0.003071126,0
92738630,1,0.0031507816,0
92738744,1,0.004527179,0
92740241,1,0.0022700895,0
92740660,1,0.002573854,0
92742105,1,0.0028535412,0
92743372,0,0.63894916,1
92746024,0,0.33466387,1
92750148,1,0.0026902377,0
92750906,1,0.0022717214,0
92754605,1,0.0022717214,0
92758190,1,0.0022725065,0
92759069,0,0.520174,1
92759690,0,0.50616646,1
92760569,0,0.7286279,1
92760863,0,0.6371873,1
92761080,1,0.0022717214,0
92762315,1,0.00227023,0
92763901,1,0.0022725065,0
92765372,0,0.35185248,1
92768018,1,0.0022715777,0
92768141,0,0.62968755,1
92769878,0,0.34929445,1
92772693,1,0.0022725065,0
92772737,1,0.0023743496,0
92774901,0,0.6366831,1
92775496,0,0.6094964,1
92776197,1,0.0035137436,0
92777228,1,0.0025712766,0
92778039,1,0.0025737279,0
92780391,0,0.83383685,1
92780820,0,0.6282891,1
92784730,1,0.019117586,0
92787512,1,0.0023737755,0
92789035,1,0.0039787176,0
92790544,1,0.0102610225,0
92791990,0,0.7286279,1
92792875,1,0.021554476,0
92793430,3,0.073555574,0
92794234,0,0.6089063,1
92794781,2,0.17039812,0
92795608,1,0.0022681244,0
92796239,1,0.0025729649,0
92797382,1,0.0061916322,0
92798347,1,0.004157554,0
92798588,0,0.520174,1
92799408,0,0.69899815,1
92800232,1,0.22484455,0
92802468,1,0.004748651,0
92806679,1,0.003976656,0
92807064,0,0.5120579,1
92807217,0,0.615802,1
92807969,1,0.0028550022,0
92810258,1,0.0035118174,0
92810797,0,0.51144934,1
92810995,3,0.025176305,0
92815897,0,0.69088405,1
92818009,0,0.54266685,1
92822143,1,0.003453949,0
92822975,0,0.62968755,1
92826227,1,0.0022671,0
92826734,0,0.62968755,1
92828805,1,0.0025732396,0
92830510,0,0.520174,1
92830983,2,0.07736596,0
92833296,0,0.44875613,1
92835657,1,0.0042552273,0
92836522,1,0.0027117145,0
92838262,3,0.13800392,0
92839319,0,0.782915,1
92840768,1,0.0022717214,0
92841488,1,0.003154121,0
92842734,1,0.028670091,0
92844264,0,0.59612846,1
92844650,0,0.5120579,1
92845076,1,0.0022700895,0
92845657,0,0.64895284,1
92846248,1,0.1018742,0
92847045,0,0.7630854,1
92847351,2,0.25151396,0
92848726,3,0.0093130255,0
92849897,0,0.5976584,1
92850978,0,0.6169551,1
92851242,1,0.0022717214,0
92852044,2,0.40015805,0
92855083,1,0.0025125477,0
92855490,1,0.0028445737,0
92855883,0,0.5192847,1
92857011,2,0.041025084,0
92857142,0,0.7227843,1
92859533,0,0.5116094,1
92859675,1,0.033837218,0
92860684,1,0.0028445737,0
92862148,1,0.0030512824,0
92862560,1,0.002690591,0
92863941,1,0.0024402004,0
92865053,1,0.0025107467,0
92866877,1,0.0022671,0
92867263,0,0.6384287,1
92880588,1,0.0027117145,0
92881623,0,0.78555954,1
92883537,1,0.003974803,0
92888055,1,0.0025729649,0
92889846,1,0.002438353,0
92890072,1,0.0022679588,0
92890859,0,0.64895284,1
92893013,1,0.0022717214,0
92893614,1,0.00244033,0
92898912,1,0.0030631928,0
92899467,1,0.0025677322,0
92899815,3,0.030830557,0
92904617,0,0.7286279,1
92906257,1,0.0036587198,0
92909586,1,0.0025729649,0
92911662,0,0.5224131,1
92912063,0,0.6291951,1
92912485,1,0.0027115704,0
92915160,0,0.5429576,1
92919897,1,0.0022725065,0
92919952,1,0.0022717214,0
92921747,0,0.6210963,1
92922564,2,0.40877444,0
92923749,1,0.0022717214,0
92924767,0,0.51179534,1
92925338,1,0.0022717214,0
92927565,0,0.6205364,1
92927740,2,0.030096455,0
92929002,0,0.76323867,1
92929013,0,0.520174,1
92930538,1,0.0024411734,0
92932328,1,0.0022690808,0
92933501,1,0.0027117145,0
92933596,0,0.6371873,1
92934062,1,0.0025125477,0
92934923,0,0.62968755,1
92935787,1,0.003815663,0
92937241,0,0.6368922,1
92938621,1,0.0022717214,0
92940249,0,0.51971114,1
92940705,0,0.62446445,1
92941088,1,0.014569579,0
92943844,2,0.104064554,0
92945228,1,0.002912886,0
92945267,2,0.39864948,0
92949062,0,0.5828563,1
92949654,0,0.71898705,1
92954254,0,0.6291951,1
92954709,1,0.0025712766,0
92957498,1,0.002571975,0
92962089,1,0.0024395534,0
92962244,1,0.0022717214,0
92962250,1,0.002266529,0
92962634,3,0.2876525,0
92964183,1,0.002689166,0
92964365,1,0.0030652003,0
92966960,1,0.0030652003,0
92967506,1,0.0022717214,0
92967667,0,0.569158,1
92971641,3,0.00802415,0
92972416,1,0.00251161,0
92972805,1,0.03209061,0
92973573,3,0.15260082,0
92975341,1,0.010914947,0
92977639,1,0.0035137436,0
92979376,1,0.0022725065,0
92981886,2,0.29696357,0
92982064,1,0.0022700895,0
92983154,1,0.009995406,0
92983677,0,0.62372285,1
92984365,1,0.0022717214,0
92984391,0,0.6371873,1
92984571,1,0.010120319,0
92985811,3,0.04342649,0
92987374,1,0.0027077626,0
92987746,1,0.0024387287,0
92989979,0,0.51944065,1
92991493,0,0.5371175,1
92996713,0,0.62968755,1
92996862,1,0.016349103,0
92997697,0,0.5608301,1
92998789,0,0.62588793,1
93004580,0,0.5440552,1
93005314,0,0.635259,1
93007384,1,0.005841496,0
93008303,0,0.7154463,1
93009946,0,0.6463928,1
93012075,1,0.002573854,0
93013405,1,0.0028535412,0
93017806,3,0.0379598,0
93020239,2,0.22938426,0
93021830,1,0.0024411734,0
93023618,0,0.64536285,1
93025790,3,0.05012528,0
93030403,2,0.27076283,0
93030564,1,0.00244033,0
93033000,0,0.51990306,1
93033121,1,0.016053334,0
93034617,1,0.0022717214,0
93035613,1,0.0024411734,0
93036119,1,0.046201386,0
93038908,0,0.55022097,1
93040413,0,0.7963958,1
93040556,1,0.0022717214,0
93047151,1,0.0053763613,0
93049103,1,0.0028535412,0
93049388,1,0.002912886,0
93053972,0,0.5116094,1
93054100,1,0.0022717214,0
93055820,1,0.0030619407,0
93060127,1,0.0035137436,0
93061133,0,0.6371873,1
93062909,1,0.0022698804,0
93062952,2,0.3607973,0
93063351,0,0.6293993,1
93065029,0,0.63924617,1
93066414,0,0.57204866,1
93068459,0,0.63924617,1
93069787,1,0.0022717214,0
93070681,1,0.00438203,0
93071029,0,0.6371873,1
93072876,0,0.520174,1
93072931,1,0.01347573,0
93074738,0,0.5120579,1
93076540,1,0.0027126516,0
93076655,2,0.4468894,0
93078170,1,0.02758553,0
93081630,1,0.0022717214,0
93084668,2,0.097018175,0
93086063,0,0.6214527,1
93088974,1,0.005848809,0
93089316,1,0.002850117,0
93093576,0,0.66608554,1
93098412,0,0.52659565,1
93099034,0,0.6597584,1
93101802,1,0.02790395,0
93101859,1,0.0025125477,0
93103166,1,0.0022725065,0
93103732,1,0.0022709982,0
93108039,0,0.5609831,1
93110553,1,0.039953817,0
93110838,0,0.4614483,1
93111541,2,0.35703167,0
93112096,0,0.62446445,1
93112168,1,0.0027106972,0
93115921,0,0.6230832,1
93116493,1,0.0022717214,0
93117922,1,0.00251041,0
93118303,2,0.41831967,0
93119784,0,0.62968755,1
93119808,2,0.14464931,0
93123987,2,0.29129165,0
93124452,1,0.0030615232,0
93128591,1,0.003154121,0
93129138,2,0.11700306,0
93129859,1,0.0022700895,0
93130784,1,0.0022717214,0
93132605,0,0.6370562,1
93133686,1,0.0071094357,0
93134674,1,0.003071126,0
93135291,0,0.6371873,1
93136776,2,0.29878616,0
93137893,0,0.5948607,1
93138627,0,0.520174,1
93138975,1,0.0025712766,0
93138991,0,0.6157677,1
93140222,2,0.07062147,0
93142168,2,0.12557134,0
93142509,1,0.0024411734,0
93142648,3,0.042166095,0
93146663,1,0.034550324,0
93148243,0,0.8484062,1
93148637,1,0.0024383988,0
93148770,0,0.7238758,1
93152921,0,0.6289073,1
93154898,1,0.0022717214,0
93155937,1,0.0024411734,0
93156653,1,0.0032773144,0
93156986,1,0.002573854,0
93157500,1,0.0030571055,0
93158581,1,0.002432741,0
93159286,1,0.0060312375,0
93159692,1,0.0022717214,0
93160567,0,0.32925984,1
93160808,0,0.520174,1
93168539,1,0.004191607,0
93170175,1,0.00458143,0
93170631,0,0.62968755,1
93171134,0,0.6745752,1
93173284,0,0.62315005,1
93173961,1,0.0023750435,0
93177081,1,0.01458155,0
93177585,1,0.0030667696,0
93181645,2,0.4431137,0
93184335,0,0.5120579,1
93184815,1,0.0022717214,0
93186674,1,0.0024385776,0
93188102,1,0.0027117145,0
93188555,0,0.62968755,1
93190137,0,0.5711864,1
93193745,1,0.0039864248,0
93195067,1,0.0024398186,0
93196824,2,0.08126012,0
93196999,0,0.64895284,1
93200117,1,0.00227023,0
93200907,0,0.51990306,1
93202566,2,0.071008265,0
93208443,1,0.0022720664,0
93210122,1,0.0022717214,0
93211209,3,0.0278749,0
93212458,0,0.71058923,1
93214409,2,0.23159961,0
93214519,1,0.0022717214,0
93214771,1,0.00244033,0
93214894,1,0.0027077626,0
93216147,1,0.0027126516,0
93216305,1,0.0022700895,0
93219176,1,0.0022725065,0
93223157,1,0.00244033,0
93223192,1,0.003651601,0
93224246,0,0.519569,1
93230901,0,0.7490377,1
93232302,3,0.026610307,0
93232656,1,0.0027126516,0
93233405,1,0.00244033,0
93235996,1,0.02487871,0
93237845,1,0.0030649134,0
93242877,2,0.06517437,0
93244062,1,0.002910794,0
93245303,0,0.52142906,1
93247163,0,0.5206868,1
93250446,0,0.5057282,1
93252573,1,0.0045080697,0
93252593,0,0.6371873,1
93252608,3,0.026540974,0
93258223,1,0.04103274,0
93258447,1,0.036974065,0
93258588,1,0.005285036,0
93259898,0,0.5805491,1
93260938,1,0.008410389,0
93262675,3,0.20994827,0
93265852,1,0.0053516165,0
93268013,3,0.042123415,0
93268596,1,0.0022717214,0
93271338,1,0.0025729649,0
93273335,1,0.0022698804,0
93274341,0,0.61158746,1
93274410,0,0.61407673,1
93279987,1,0.0035145339,0
93280820,1,0.00251161,0
93283089,3,0.26539943,0
93283728,0,0.6368922,1
93284530,1,0.002912886,0
93284826,1,0.002573854,0
93290487,1,0.043886438,0
93290965,1,0.002912886,0
93294089,0,0.6368922,1
93299482,0,0.6370562,1
93300820,1,0.0025459107,0
93302754,1,0.003154121,0
93306860,0,0.5597691,1
93307344,1,0.0024374942,0
93311598,0,0.5116094,1
93312015,0,0.51971114,1
93312082,1,0.0022717214,0
93314612,0,0.5889161,1
93316020,0,0.6368922,1
93316634,0,0.51415145,1
93316787,2,0.0477169,0
93317358,1,0.0027117145,0
93318478,1,0.0022717214,0
93321369,2,0.117078125,0
93321761,0,0.7223348,1
93326874,0,0.6371873,1
93328274,0,0.5429576,1
93329365,1,0.0025096647,0
93330228,1,0.002910794,0
93330681,0,0.56483924,1
93330762,0,0.49719623,1
93332647,3,0.075585134,0
93333727,1,0.003066652,0
93334984,1,0.002573854,0
93336574,1,0.0027117145,0
93338404,2,0.3084637,0
93338480,2,0.15779106,0
93338535,2,0.10681171,0
93338790,0,0.6458583,1
93341389,1,0.0025728284,0
93342740,0,0.66330683,1
93343717,1,0.0025096615,0
93344597,3,0.14504921,0
93344641,1,0.002689166,0
93347846,1,0.0022717214,0
93348539,0,0.50547206,1
93350479,1,0.0027126516,0
93351862,0,0.6482931,1
93352880,1,0.0030633695,0
93353059,1,0.0022717214,0
93354370,0,0.703494,1
93355069,0,0.5192515,1
93357117,1,0.004746225,0
93358925,1,0.00251161,0
93359390,1,0.003071126,0
93363128,3,0.016482046,0
93363761,1,0.002271245,0
93364167,0,0.34883654,1
93365181,0,0.6314696,1
93365222,1,0.0025719276,0
93365226,3,0.011002339,0
93365522,1,0.042336814,0
93368218,0,0.62968755,1
93375125,0,0.7156775,1
93375277,1,0.0022717214,0
93376732,2,0.03879428,0
93377950,1,0.0061061815,0
93378758,3,0.010307637,0
93382883,1,0.013896272,0
93383394,0,0.63924617,1
93384017,1,0.0025728024,0
93384629,0,0.59593153,1
93385566,1,0.0022717214,0
93385944,0,0.6371873,1
93386274,1,0.0033132196,0
93387321,1,0.0022717214,0
93387899,1,0.0024373282,0
93390311,0,0.6636781,1
93395016,0,0.640742,1
93401618,1,0.010266211,0
93403216,0,0.520174,1
93403636,1,0.0025729649,0
93405748,3,0.028384393,0
93405801,1,0.0027117145,0
93406420,1,0.0024411734,0
93407485,1,0.00244033,0
93407710,0,0.59623486,1
93411728,1,0.0022717214,0
93412800,3,0.39381704,0
93414054,0,0.51971114,1
93414631,1,0.002912886,0
93415468,1,0.0022717214,0
93416407,0,0.552565,1
93418591,0,0.750759,1
93418740,3,0.0979646,0
93421369,1,0.0025729649,0
93425949,1,0.0022725065,0
93428499,1,0.0026101088,0
93429533,0,0.43529662,1
93434723,1,0.00227023,0
93435428,1,0.0054061324,0
93435936,0,0.6370562,1
93436367,1,0.00244033,0
93436719,1,0.0030652003,0
93440516,1,0.0026112513,0
93444505,1,0.1677534,0
93444596,0,0.51179534,1
93444960,2,0.35028344,0
93446064,0,0.520174,1
93446352,3,0.08442965,0
93451499,1,0.031667314,0
93453650,2,0.07122495,0
93455449,1,0.0030637558,0
93456012,1,0.00244033,0
93462234,1,0.0022717214,0
93462610,1,0.003949227,0
93463968,0,0.5116094,1
93464432,0,0.32511598,1
93465709,1,0.0022700895,0
93467916,1,0.0022725065,0
93468083,1,0.0027117145,0
93474310,0,0.70819306,1
93474608,1,0.0022725065,0
93475115,1,0.007570217,0
93475380,1,0.002573854,0
93476769,1,0.0031558648,0
93480803,0,0.62968755,1
93481363,0,0.34119022,1
93481431,1,0.0024387287,0
93481441,1,0.15148585,0
93482793,1,0.0022655223,0
93484098,1,0.014301746,0
93485086,1,0.0022689262,0
93487685,0,0.6636781,1
93489952,0,0.64254504,1
93491440,1,0.021947112,0
93492532,0,0.6529161,1
93496217,0,0.7557127,1
93498154,1,0.029360887,0
93498386,0,0.6188991,1
93498831,3,0.016632603,0
93502666,0,0.6368922,1
93503403,1,0.0023743496,0
93506916,1,0.033598747,0
93507913,0,0.62968755,1
93508528,0,0.608964,1
93511647,1,0.0022717214,0
93511745,0,0.51990306,1
93512293,1,0.0022725065,0
93512676,0,0.6363884,1
93513307,1,0.0022700895,0
93513416,0,0.5282085,1
93514065,0,0.50656575,1
93514839,1,0.0022725065,0
93515676,1,0.0028423676,0
93518739,1,0.002573854,0
93520578,2,0.09091025,0
93521176,1,0.010723033,0
93522255,1,0.035664797,0
93522967,1,0.0022717214,0
93525142,1,0.002438353,0
93525715,1,0.003296193,0
93527290,0,0.51179534,1
93528646,0,0.520174,1
93530132,1,0.040303506,0
93535368,1,0.0025729649,0
93537797,1,0.00244033,0
93539540,0,0.520174,1
93541670,0,0.67231435,1
93544295,0,0.6676375,1
93545816,0,0.66330683,1
93546033,1,0.0027108514,0
93547289,0,0.7506815,1
93552739,0,0.5289816,1
93552776,1,0.003181907,0
93556925,1,0.0025729649,0
93557351,1,0.0022700895,0
93557825,0,0.73718256,1
93560078,1,0.01944083,0
93560908,0,0.51179534,1
93561622,0,0.7223348,1
93562081,1,0.002512022,0
93562979,1,0.0024411734,0
93564855,1,0.0024411734,0
93565939,1,0.002711543,0
93566247,3,0.08335117,0
93568717,0,0.5120579,1
93568824,0,0.65796745,1
93571141,0,0.6242067,1
93571593,1,0.0030652003,0
93572261,2,0.44076142,0
93573389,0,0.6458583,1
93573554,0,0.6295551,1
93573579,1,0.005353604,0
93576807,1,0.0026902377,0
93578036,1,0.0074168383,0
93582074,0,0.60955745,1
93587164,2,0.11794479,0
93587322,0,0.6379832,1
93588968,0,0.6523438,1
93590650,1,0.0035253328,0
93591326,1,0.00419375,0
93591682,1,0.0027149273,0
93592127,0,0.520174,1
93599373,3,0.09964547,0
93599765,1,0.00458143,0
93603715,1,0.0022717214,0
93603906,3,0.060712256,0
93604712,0,0.6371873,1
93606273,1,0.0028516718,0
93607245,0,0.52788454,1
93617612,0,0.6624358,1
93617738,0,0.72355056,1
93619449,1,0.00251161,0
93624078,0,0.51179534,1
93626411,1,0.0022709982,0
93626613,1,0.00244033,0
93630560,1,0.0039626667,0
93631402,0,0.6242067,1
93632645,1,0.0030667696,0
93635220,1,0.029897694,0
93636995,3,0.0084499605,0
93639576,1,0.0022725065,0
93641174,0,0.6635519,1
93641577,2,0.124309495,0
93643015,1,0.0025729649,0
93643809,1,0.06701813,0
93643935,1,0.0049114283,0
93645578,1,0.0022725065,0
93647524,1,0.0027105147,0
93648703,1,0.0025712766,0
93649175,0,0.6827734,1
93650043,0,0.4411209,1
93650271,1,0.0025712766,0
93650475,0,0.67358214,1
93650594,0,0.58884746,1
93651173,1,0.0028550022,0
93651806,1,0.0023743496,0
93652224,1,0.002573854,0
93652727,1,0.0021542218,0
93653003,1,0.004748651,0
93653056,1,0.0022717214,0
93656943,1,0.0022717214,0
93659334,3,0.022109712,0
93660568,1,0.00251161,0
93661939,1,0.0025729649,0
93663651,1,0.0022717214,0
93664094,1,0.0022725065,0
93666216,1,0.021624682,0
93666282,1,0.006235906,0
93666381,0,0.6371873,1
93666478,2,0.0948262,0
93666913,1,0.002573854,0
93667372,3,0.3467375,0
93667873,3,0.0072032725,0
93669272,3,0.04274274,0
93670717,0,0.6541815,1
93672010,1,0.0024411734,0
93675084,0,0.50758433,1
93676920,1,0.0025711174,0
93678895,1,0.0024411734,0
93679686,1,0.0022717214,0
93680259,0,0.6357555,1
93680807,1,0.0024411734,0
93680934,1,0.0030652003,0
93681190,1,0.0032835263,0
93682389,1,0.0039810655,0
93687467,1,0.0022707165,0
93688970,0,0.6366831,1
93691828,0,0.5120579,1
93692372,0,0.6291951,1
93693956,1,0.004368837,0
93694154,0,0.6486467,1
93695882,2,0.16295378,0
93695989,0,0.60440415,1
93696002,0,0.5120579,1
93697034,0,0.62968755,1
93697674,1,0.038948882,0
93699797,0,0.7027504,1
93700122,0,0.519569,1
93705117,1,0.0039366456,0
93705185,0,0.62968755,1
93706021,0,0.6370562,1
93706029,1,0.003071126,0
93707278,1,0.0027886515,0
93710373,1,0.002573854,0
93712614,1,0.002440176,0
93714535,1,0.0028538953,0
93715961,0,0.62968755,1
93718043,3,0.007647993,0
93718828,1,0.0029137493,0
93720953,1,0.0024411734,0
93721776,1,0.0022717214,0
93722535,1,0.004002969,0
93724450,1,0.0024385776,0
93727076,1,0.0032802336,0
93728528,0,0.6216639,1
93728946,0,0.6371873,1
93729742,1,0.0030667696,0
93730657,1,0.0024387287,0
93731307,1,0.002689166,0
93731333,1,0.0022717214,0
93733053,1,0.0022717214,0
93734778,1,0.0022725065,0
93735964,1,0.00227023,0
93737470,0,0.73197955,1
93739895,3,0.0131349955,0
93743193,1,0.0028550022,0
93743899,1,0.0028445737,0
93745718,1,0.062725335,0
93746298,1,0.0024392507,0
93747180,2,0.13093476,0
93747445,1,0.0025712766,0
93750023,1,0.037260704,0
93753640,1,0.0022717214,0
93753756,1,0.0022717214,0
93753765,0,0.6371873,1
93754139,3,0.14198907,0
93755034,3,0.061588805,0
93756826,0,0.6293993,1
93757837,1,0.0027117145,0
93757887,1,0.0022717214,0
93760813,1,0.0024385776,0
93761469,1,0.0022690808,0
93762872,1,0.00227023,0
93763147,0,0.33731163,1
93763826,1,0.003276586,0
93763897,3,0.21565887,0
93763943,1,0.002568705,0
93765552,1,0.003154121,0
93767985,0,0.7636289,1
93768312,1,0.0025125477,0
93769121,1,0.0025728024,0
93769908,0,0.62968755,1
93772036,1,0.00426646,0
93772927,0,0.61000603,1
93774165,2,0.2728624,0
93778845,1,0.0022717214,0
93778862,0,0.4913931,1
93780787,0,0.615802,1
93783027,3,0.04183391,0
93783657,0,0.6652861,1
93784942,0,0.69337976,1
93785492,1,0.00244033,0
93785781,1,0.0025677322,0
93786994,3,0.28851783,0
93787326,1,0.0047149635,0
93788310,1,0.00244033,0
93788818,1,0.003298512,0
93791864,3,0.0078007225,0
93792147,1,0.0024385776,0
93793076,1,0.0053647202,0
93794362,1,0.0034333488,0
93794439,1,0.0022709982,0
93794744,1,0.0022698804,0
93795971,1,0.0022671,0
93796308,1,0.0025721462,0
93796691,2,0.09761973,0
93798805,1,0.0025729649,0
93799456,1,0.0035137436,0
93799947,1,0.0022717214,0
93801960,0,0.50533694,1
93803830,1,0.0022717214,0
93806218,2,0.38838878,0
93809521,1,0.00244033,0
93810758,1,0.0027117145,0
93814487,1,0.00244033,0
93814826,1,0.0028505058,0
93815065,0,0.62968755,1
93815799,1,0.0027117145,0
93816210,1,0.002573854,0
93817005,0,0.6836497,1
93819045,1,0.0034494654,0
93821622,0,0.520174,1
93823452,0,0.5532402,1
93823779,0,0.6295551,1
93825028,1,0.03789244,0
93828213,1,0.0028533165,0
93829794,0,0.520174,1
93831026,3,0.008254521,0
93835434,1,0.004528067,0
93835868,0,0.4957651,1
93836340,1,0.0025729649,0
93838217,1,0.0028423676,0
93838590,1,0.011081744,0
93838926,1,0.004746225,0
93841717,0,0.70124817,1
93842871,1,0.00227023,0
93842939,0,0.5261708,1
93846085,0,0.520174,1
93846171,1,0.0025719276,0
93849435,1,0.0022717214,0
93851513,0,0.51971114,1
93852376,0,0.71680063,1
93854331,0,0.7286279,1
93855091,3,0.081688836,0
93856942,1,0.0022679588,0
93859026,0,0.5025148,1
93859177,1,0.0024385776,0
93859536,2,0.19607686,0
93859624,1,0.0027117145,0
93860432,0,0.5224131,1
93860766,1,0.0028511984,0
93860973,1,0.0066276444,0
93862267,1,0.0022717214,0
93862695,1,0.0022717214,0
93863729,0,0.51191515,1
93865676,1,0.0022725065,0
93866705,1,0.004750257,0
93866914,1,0.00329456,0
93867777,1,0.00244033,0
93868669,0,0.5120579,1
93872762,1,0.0028535412,0
93874099,0,0.6371873,1
93878929,0,0.4969487,1
93878997,1,0.0024287002,0
93879505,2,0.075509965,0
93881232,1,0.0022717214,0
93883877,2,0.44101796,0
93884203,1,0.0028445737,0
93890686,1,0.0028445737,0
93890730,0,0.5116094,1
93891796,1,0.003071126,0
93891907,1,0.0022717214,0
93892651,3,0.30115354,0
93893006,0,0.520174,1
93893230,1,0.0027077626,0
93894943,1,0.0024411734,0
93895416,0,0.51598084,1
93896750,0,0.6371873,1
93896894,3,0.28964335,0
93897881,0,0.7022561,1
93899700,1,0.003538524,0
93902093,3,0.042119876,0
93902258,1,0.002852196,0
93903953,0,0.62251043,1
93907145,0,0.51127887,1
93908766,2,0.04819349,0
93909296,1,0.0025729649,0
93909481,1,0.005924757,0
93909613,1,0.00244033,0
93910610,3,0.19768897,0
93910981,1,0.0024387287,0
93911288,1,0.002433276,0
93911840,0,0.43189555,1
93911902,1,0.013619193,0
93912700,1,0.0022720664,0
93913074,3,0.025595099,0
93913843,1,0.0024395534,0
93913849,0,0.7921474,1
93914787,1,0.0043976395,0
93915961,0,0.53848267,1
93916068,1,0.002374852,0
93918909,0,0.6169551,1
93920756,1,0.0025729649,0
93920978,1,0.00227023,0
93922191,1,0.002427793,0
93922861,0,0.5059099,1
93925376,1,0.0025729649,0
93925384,1,0.0035126563,0
93926247,3,0.06404288,0
93927474,0,0.520174,1
93928293,1,0.0027115704,0
93928443,1,0.0022717214,0
93928590,1,0.003154121,0
93929176,0,0.7451927,1
93929245,1,0.0024392507,0
93929652,0,0.6357555,1
93932245,0,0.615802,1
93932331,0,0.5429576,1
93932698,1,0.04907591,0
93935112,1,0.00244033,0
93935990,0,0.5420079,1
93939568,3,0.08023096,0
93941766,1,0.0022725065,0
93942413,1,0.0027117145,0
93943909,1,0.002271245,0
93944061,0,0.6371873,1
93945471,1,0.0045317183,0
93946187,1,0.0022716005,0
93947647,0,0.79280746,1
93947702,1,0.003071126,0
93950416,1,0.0035024087,0
93951478,0,0.7743556,1
93952886,1,0.0025708803,0
93954245,1,0.006148563,0
93956025,0,0.8525184,1
93958478,1,0.002711543,0
93959231,1,0.017826412,0
93959760,1,0.0022717214,0
93961113,0,0.41779304,1
93964211,2,0.06451786,0
93964315,1,0.0022725065,0
93964380,2,0.10245266,0
93966054,1,0.031767957,0
93967228,0,0.41597775,1
93968302,1,0.00285885,0
93968338,0,0.51971114,1
93969229,3,0.19144279,0
93969432,1,0.002573854,0
93970588,1,0.0058588926,0
93971069,1,0.0022671,0
93972572,1,0.0027083782,0
93973307,1,0.03357067,0
93979937,0,0.5251454,1
93980949,1,0.0022707165,0
93981493,0,0.6782502,1
93981656,2,0.46276844,0
93982427,2,0.11936372,0
93983143,0,0.62968755,1
93983478,2,0.39950445,0
93985991,2,0.12189818,0
93986001,1,0.0022717214,0
93986498,1,0.004063173,0
93987545,0,0.6943494,1
93987715,0,0.6234326,1
93989073,0,0.6371873,1
93990773,0,0.5859932,1
93990795,0,0.6651667,1
93996390,0,0.7223348,1
93998374,0,0.52659565,1
94001594,0,0.6371873,1
94006054,0,0.5224849,1
94011431,2,0.048653197,0
94016546,3,0.022618,0
94016989,1,0.0064441906,0
94017037,0,0.64811265,1
94017731,1,0.0030667696,0
94018337,1,0.08674505,0
94018366,1,0.0022725065,0
94018821,1,0.00244033,0
94019143,1,0.0022725065,0
94021108,0,0.5703728,1
94028124,0,0.7457974,1
94030253,1,0.0022725065,0
94030484,0,0.5120579,1
94030853,0,0.75162387,1
94031233,1,0.0024411734,0
94031950,1,0.0022725065,0
94032527,0,0.63730824,1
94035018,2,0.3121658,0
94036785,3,0.026853254,0
94037228,1,0.003071126,0
94038415,0,0.5116094,1
94039300,1,0.0022717214,0
94040949,1,0.0022725065,0
94045922,0,0.5120579,1
94048327,1,0.003066652,0
94049117,0,0.62448967,1
94051294,1,0.0022725065,0
94053150,1,0.0024385776,0
94059673,3,0.11910569,0
94060498,1,0.0022725065,0
94060716,0,0.6353787,1
94065431,1,0.0027117145,0
94068532,1,0.0022700895,0
94068877,1,0.0022717214,0
94069213,1,0.0023743496,0
94070505,1,0.0025729649,0
94073505,3,0.008586782,0
94075077,0,0.53863513,1
94075957,1,0.0035843672,0
94076848,1,0.0022699232,0
94076877,0,0.4483179,1
94079716,0,0.61657405,1
94082111,0,0.520174,1
94082402,1,0.0043308786,0
94083476,0,0.62968755,1
94085154,1,0.0027077626,0
94086147,1,0.0022717214,0
94086865,0,0.5155388,1
94089231,2,0.11810408,0
94089291,1,0.0045368727,0
94090601,1,0.0077883867,0
94092029,1,0.0022725065,0
94093537,2,0.065419294,0
94098259,1,0.005806612,0
94098666,1,0.00397903,0
94099753,1,0.0058000702,0
94100985,2,0.27182218,0
94107634,0,0.50616646,1
94107934,0,0.56335527,1
94109716,0,0.6602489,1
94110856,0,0.5371175,1
94112218,2,0.1509686,0
94116034,0,0.6323932,1
94117284,1,0.0024385776,0
94119523,0,0.5122058,1
94121271,1,0.0025503996,0
94123436,1,0.0022700895,0
94123491,1,0.0028550022,0
94126190,1,0.12699367,0
94126590,1,0.0025719276,0
94127067,1,0.009574162,0
94127825,1,0.0022700895,0
94128260,1,0.004563566,0
94129488,3,0.20150228,0
94131081,1,0.0022700895,0
94131890,1,0.00244033,0
94134262,1,0.0024383988,0
94134529,3,0.026514683,0
94137367,1,0.0022704888,0
94138842,1,0.0028445737,0
94139880,2,0.13107233,0
94141328,1,0.00244033,0
94142168,1,0.003584894,0
94144013,1,0.002271245,0
94144488,1,0.412727,0
94147427,0,0.7286279,1
94148392,1,0.0035192154,0
94151124,1,0.00244033,0
94151349,1,0.0022698804,0
94154747,2,0.45470652,0
94156024,1,0.0032794948,0
94158120,0,0.49651653,1
94158798,1,0.0028535412,0
94159440,0,0.5117595,1
94164183,0,0.6290629,1
94167249,1,0.0024411734,0
94167279,2,0.3757809,0
94167442,0,0.4969487,1
94167481,0,0.6242067,1
94168291,1,0.004276116,0
94168874,3,0.07959439,0
94173658,1,0.0022671,0
94173885,0,0.51971114,1
94174288,1,0.0027097664,0
94174595,1,0.0036587198,0
94175446,0,0.5285579,1
94175963,1,0.00244033,0
94176249,1,0.0025729649,0
94176820,1,0.0024385776,0
94176847,0,0.6371873,1
94178800,1,0.004040369,0
94180012,0,0.5619611,1
94184661,0,0.6863789,1
94187022,0,0.632794,1
94188129,1,0.0030697677,0
94188656,1,0.003160036,0
94188882,0,0.69858515,1
94191015,1,0.0028535412,0
94191358,0,0.63562495,1
94191644,1,0.0053835404,0
94192583,0,0.6652861,1
94193573,1,0.0022725065,0
94193701,1,0.0030652003,0
94197466,1,0.0032535892,0
94200311,0,0.51179534,1
94202532,3,0.1036479,0
94208493,0,0.5429576,1
94208618,1,0.0039771567,0
94210626,0,0.7542515,1
94214144,1,0.0028568674,0
94214822,0,0.6564624,1
94216119,1,0.0025729649,0
94216177,2,0.099494435,0
94219814,0,0.62968755,1
94220343,0,0.7799979,1
94220810,1,0.002912886,0
94221563,1,0.0045702267,0
94221782,0,0.7925344,1
94231209,1,0.0025729649,0
94233241,1,0.033387,0
94233277,0,0.63655216,1
94233709,2,0.18588687,0
94237173,1,0.004528067,0
94238263,1,0.0030709018,0
94238308,0,0.58767694,1
94244726,0,0.6371873,1
94244727,0,0.6242067,1
94245438,3,0.025750967,0
94247009,0,0.6368922,1
94249835,0,0.625064,1
94253784,0,0.72078985,1
94254415,0,0.6176299,1
94254711,2,0.34294015,0
94255133,2,0.477005,0
94255730,1,0.006680125,0
94256269,1,0.00227023,0
94256757,1,0.00227023,0
94257190,1,0.0025729649,0
94263871,1,0.29346082,0
94264277,3,0.13839434,0
94265748,2,0.04394589,0
94265863,0,0.6371873,1
94266508,1,0.0032942907,0
94269864,1,0.00227023,0
94271665,2,0.3381378,0
94275945,0,0.50533694,1
94276465,2,0.307006,0
94276578,0,0.58884746,1
94277807,1,0.00251161,0
94277932,1,0.0029138923,0
94280005,1,0.003882295,0
94280083,2,0.42554533,0
94280990,1,0.0025688927,0
94285827,1,0.00244033,0
94285866,1,0.011678552,0
94286825,0,0.75748974,1
94288239,1,0.0027077626,0
94288568,0,0.65808433,1
94290217,1,0.0022717214,0
94290474,1,0.0022717214,0
94290625,1,0.0022717214,0
94291258,1,0.0022699232,0
94294339,1,0.0033637732,0
94294351,1,0.003515542,0
94299832,1,0.0053670434,0
94300105,1,0.0076951147,0
94300479,0,0.64547867,1
94301255,0,0.5113473,1
94304204,1,0.0024387287,0
94304379,3,0.03030717,0
94304811,1,0.018235508,0
94304951,0,0.6722078,1
94308015,3,0.13280639,0
94308019,1,0.0024385776,0
94308279,3,0.034799855,0
94313115,1,0.0024387287,0
94314042,1,0.0025729649,0
94314263,1,0.0026423994,0
94317676,1,0.002912886,0
94319201,0,0.6371873,1
94320950,1,0.0025711174,0
94322122,0,0.5121586,1
94324562,1,0.00227023,0
94325871,0,0.50533694,1
94326201,0,0.6636781,1
94326341,3,0.08065655,0
94328556,1,0.0024385776,0
94328618,1,0.0022725065,0
94329146,0,0.5120579,1
94330062,1,0.0022719637,0
94336141,0,0.64859784,1
94338105,0,0.6371873,1
94338147,1,0.0032976095,0
94340155,1,0.0022707165,0
94341585,0,0.78251004,1
94342983,0,0.6371873,1
94343464,1,0.035265695,0
94343547,1,0.0027117145,0
94343582,0,0.53521967,1
94345469,3,0.007155527,0
94346277,1,0.002272395,0
94348059,1,0.0022705302,0
94348281,0,0.7854163,1
94350661,2,0.3574006,0
94350820,1,0.0023760914,0
94351091,1,0.00244033,0
94351256,1,0.013554358,0
94351914,0,0.5801605,1
94352508,3,0.008826603,0
94352767,1,0.0059862817,0
94353720,0,0.6214549,1
94354371,1,0.003404476,0
94354786,0,0.547961,1
94355817,0,0.65751505,1
94356202,1,0.0022709982,0
94356493,1,0.0022513175,0
94358253,1,0.0022700895,0
94360327,1,0.0022689262,0
94367793,1,0.0042971927,0
94367858,0,0.49719623,1
94369075,1,0.02571234,0
94370239,0,0.51990306,1
94376407,1,0.0027117145,0
94377204,1,0.002912886,0
94377436,2,0.29877713,0
94378073,0,0.6169418,1
94378317,1,0.00227023,0
94380691,0,0.6366831,1
94384248,1,0.0022717214,0
94385121,1,0.0029086417,0
94386542,1,0.0036529622,0
94387007,0,0.56785303,1
94387691,3,0.01920997,0
94390108,0,0.6371873,1
94396319,2,0.43089104,0
94398240,0,0.51971114,1
94399039,1,0.0025715695,0
94399050,1,0.0022717214,0
94399816,0,0.6371873,1
94400392,0,0.62968755,1
94401699,1,0.025700647,0
94402602,0,0.5120579,1
94407365,0,0.520174,1
94409514,1,0.0024385776,0
94413340,1,0.0027117145,0
94413675,1,0.0025729649,0
94415043,2,0.13229792,0
94415849,3,0.032331772,0
94416163,0,0.5371175,1
94416435,0,0.42853495,1
94423880,1,0.0025729649,0
94427233,1,0.0028456352,0
94429596,0,0.6242067,1
94430239,1,0.003071126,0
94431371,1,0.0025712356,0
94431780,0,0.7209429,1
94434213,1,0.0041521545,0
94434280,1,0.00227023,0
94434556,1,0.0022725065,0
94435732,1,0.0022717214,0
94436600,0,0.6133439,1
94440497,1,0.0035024087,0
94440937,1,0.0025096615,0
94441317,1,0.002850246,0
94441806,0,0.5651859,1
94442298,1,0.0022717214,0
94444603,1,0.002912886,0
94444845,1,0.0027117145,0
94447454,1,0.002852196,0
94447667,1,0.0025712766,0
94449239,1,0.019759271,0
94451879,1,0.0025729649,0
94452182,1,0.0022717214,0
94453001,2,0.30100754,0
94453076,1,0.0038835958,0
94454243,0,0.6293993,1
94457336,0,0.63702774,1
94460002,1,0.0022717214,0
94460246,1,0.00244033,0
94464338,2,0.07557352,0
94465276,0,0.73342097,1
94465370,1,0.002912886,0
94469761,1,0.0024411734,0
94471604,1,0.0027097664,0
94473322,1,0.006913065,0
94475355,1,0.0025728024,0
94475726,1,0.002573854,0
94478625,1,0.0022717214,0
94479220,0,0.63562495,1
94483186,1,0.00244033,0
94483457,1,0.003515542,0
94485634,0,0.520174,1
94485975,1,0.0028456352,0
94486547,1,0.0022717214,0
94491592,1,0.0027562296,0
94493215,0,0.54230857,1
94493352,1,0.0030667696,0
94494191,0,0.6371873,1
94494641,0,0.6636781,1
94495319,1,0.0022717214,0
94496084,0,0.62968755,1
94496789,2,0.4144925,0
94497604,1,0.0025721462,0
94497783,3,0.028154006,0
94499627,1,0.0022715777,0
94500664,1,0.004163186,0
94500746,0,0.66134983,1
94501762,1,0.0027126516,0
94502895,1,0.0030619407,0
94505355,1,0.0032790517,0
94505730,2,0.30958164,0
94506805,1,0.00227023,0
94508256,1,0.005649344,0
94508397,1,0.0053056516,0
94508889,0,0.6368922,1
94508972,0,0.62968755,1
94509021,0,0.7162389,1
94509791,1,0.00227023,0
94509860,1,0.003051665,0
94511890,0,0.7565381,1
94514832,1,0.00244033,0
94517908,1,0.0039743725,0
94520500,1,0.0022717214,0
94520871,0,0.7176071,1
94521257,1,0.0022725065,0
94521726,1,0.025079183,0
94522148,1,0.0024385776,0
94524327,1,0.0022709982,0
94524699,1,0.00251161,0
94532126,1,0.003071126,0
94532640,1,0.0032981564,0
94533762,2,0.09834374,0
94534167,1,0.0025729649,0
94534172,3,0.03463755,0
94535764,0,0.6295551,1
94537478,1,0.0027126516,0
94538153,1,0.0030721868,0
94539038,1,0.031580497,0
94540280,1,0.0025729649,0
94540820,1,0.011295014,0
94541640,1,0.0026097076,0
94542950,1,0.011044827,0
94543112,0,0.6293993,1
94543540,1,0.0035111548,0
94543669,3,0.0838298,0
94544192,1,0.002912886,0
94552134,1,0.0027077626,0
94552606,0,0.73718256,1
94552776,0,0.5095152,1
94555406,1,0.0025729649,0
94557513,2,0.07737331,0
94558455,1,0.0028550022,0
94559141,0,0.5526539,1
94560688,3,0.2267987,0
94561050,1,0.0025712766,0
94561423,0,0.6371873,1
94561875,1,0.0025729649,0
94563428,0,0.520174,1
94563692,3,0.04330312,0
94567072,1,0.0025729649,0
94567703,1,0.16418955,0
94568603,1,0.0022717214,0
94569514,1,0.15420465,0
94569789,3,0.21249393,0
94572402,1,0.002732083,0
94572552,1,0.00244033,0
94572815,1,0.0022717214,0
94573597,2,0.24043632,0
94574234,1,0.052596424,0
94575006,2,0.25262076,0
94576561,1,0.0022717214,0
94579197,1,0.0024411734,0
94579842,0,0.46310225,1
94580590,0,0.62968755,1
94581660,0,0.6659861,1
94584564,1,0.002440176,0
94587967,1,0.0025729649,0
94590621,0,0.52806526,1
94591469,1,0.0022717214,0
94593026,1,0.0022712925,0
94594030,1,0.0030652003,0
94596278,1,0.0030652003,0
94597534,2,0.1695617,0
94597924,1,0.0022709982,0
94599463,0,0.59080565,1
94599699,0,0.5224066,1
94602775,1,0.0022725065,0
94603777,0,0.62968755,1
94604061,1,0.02758553,0
94604698,1,0.0032781835,0
94608465,1,0.00251161,0
94613696,1,0.0027108514,0
94615723,1,0.006871587,0
94617158,1,0.0032781835,0
94618976,0,0.62968755,1
94619122,1,0.0024411734,0
94619894,1,0.0022690808,0
94621052,1,0.0022725065,0
94621674,1,0.0023723824,0
94622631,1,0.0028481684,0
94623851,0,0.6155263,1
94624107,1,0.0028535412,0
94624165,0,0.6417219,1
94626539,1,0.005371465,0
94627539,0,0.72347724,1
94628562,1,0.0035137436,0
94633546,0,0.6234326,1
94634160,1,0.0025125477,0
94634292,1,0.0083772605,0
94634489,3,0.018736957,0
94639661,0,0.51971114,1
94639867,0,0.51094246,1
94640199,1,0.002256311,0
94643012,3,0.019312825,0
94643173,0,0.7407794,1
94644178,0,0.6295551,1
94649263,0,0.7286279,1
94651366,2,0.44429335,0
94653879,0,0.740923,1
94654292,0,0.6282891,1
94655416,1,0.002340296,0
94655685,0,0.6371873,1
94656030,0,0.5142941,1
94668191,0,0.6504151,1
94669488,0,0.5120579,1
94671461,1,0.004303079,0
94671470,1,0.0031558648,0
94671623,2,0.17264949,0
94671683,0,0.51990306,1
94672543,0,0.64784235,1
94674062,3,0.11383817,0
94677066,1,0.00227023,0
94677648,1,0.0024411734,0
94679053,1,0.0022725065,0
94679213,1,0.18505491,0
94679706,0,0.52019644,1
94679743,3,0.049319025,0
94682677,1,0.0022717214,0
94683687,1,0.00227023,0
94686692,3,0.008637865,0
94688871,1,0.0035092086,0
94688883,1,0.0035202769,0
94692251,0,0.62494624,1
94692361,0,0.6295551,1
94693672,0,0.6371873,1
94694298,1,0.002912886,0
94696206,1,0.004298524,0
94696914,1,0.003071126,0
94698363,1,0.0037691134,0
94701192,0,0.62968755,1
94702097,1,0.003983663,0
94702315,0,0.6049462,1
94702746,1,0.0045531923,0
94704599,1,0.0025712766,0
94705153,1,0.0022671,0
94706412,1,0.00251161,0
94706673,3,0.007683827,0
94706937,1,0.0025729649,0
94708066,0,0.75504434,1
94708385,0,0.541526,1
94709108,1,0.11069266,0
94712469,3,0.29348567,0
94717421,0,0.5120579,1
94717442,0,0.6371873,1
94720185,0,0.5120579,1
94720368,1,0.002440176,0
94722187,0,0.6371873,1
94723378,0,0.5120579,1
94727035,1,0.00227023,0
94728681,0,0.51971114,1
94730515,1,0.0028533165,0
94734572,1,0.0022717214,0
94738666,1,0.0048408317,0
94745251,3,0.053901408,0
94749012,2,0.44010657,0
94749676,1,0.00251161,0
94752116,1,0.0022717214,0
94754035,1,0.0022700895,0
94754140,1,0.0025737279,0
94756171,1,0.0022717214,0
94757121,0,0.5145663,1
94757654,0,0.5120579,1
94758254,0,0.520174,1
94760611,0,0.8484062,1
94762613,2,0.042571668,0
94762826,1,0.0025721462,0
94763966,1,0.002573854,0
94764715,0,0.6370562,1
94765731,1,0.0022725065,0
94765896,1,0.0024411734,0
94766354,1,0.0026902377,0
94766702,1,0.0022725065,0
94766839,1,0.0027077626,0
94768208,0,0.51971114,1
94769545,1,0.002689166,0
94770078,1,0.0030652003,0
94770709,1,0.003620519,0
94777900,1,0.0027117145,0
94778665,0,0.6636033,1
94781570,1,0.0033695493,0
94783761,0,0.5120579,1
94784114,1,0.0032781835,0
94784589,0,0.62968755,1
94785160,0,0.5207174,1
94789475,1,0.0039801924,0
94790232,1,0.0024411734,0
94791249,1,0.0053408467,0
94792061,1,0.0025728284,0
94792462,1,0.0022709982,0
94792806,1,0.037162606,0
94795668,1,0.0024385776,0
94795842,1,0.0024385776,0
94798351,1,0.0025096615,0
94802002,1,0.0045210645,0
94803232,1,0.004187154,0
94803362,0,0.62968755,1
94804594,1,0.003515542,0
94809321,0,0.71197474,1
94810505,1,0.0025716114,0
94812343,1,0.0022709982,0
94812957,1,0.0023743496,0
94813996,1,0.0022715777,0
94815440,0,0.51191515,1
94815795,1,0.002271245,0
94817195,0,0.57250583,1
94820595,1,0.0036586851,0
94823029,1,0.016108012,0
94825129,1,0.0032781835,0
94826483,0,0.653539,1
94826516,3,0.0865491,0
94826738,1,0.0027117145,0
94828508,1,0.003071126,0
94832176,1,0.0025125477,0
94832208,1,0.043906692,0
94833494,0,0.7286279,1
94833761,0,0.32628453,1
94834910,0,0.4688924,1
94835205,1,0.005419627,0
94838759,1,0.0022725065,0
94840866,1,0.0027097664,0
94844013,2,0.12551267,0
94846300,0,0.75612605,1
94848380,0,0.62968755,1
94848642,0,0.7230303,1
94850127,1,0.00227023,0
94851004,1,0.023700943,0
94860752,1,0.002573854,0
94862022,0,0.8033231,1
94862624,1,0.0022717214,0
94865656,1,0.0124419015,0
94867143,1,0.0025729649,0
94868135,1,0.00244033,0
94869794,1,0.0034236726,0
94871557,0,0.7223348,1
94874569,0,0.80708647,1
94877024,1,0.029236319,0
94877163,1,0.003277501,0
94884091,0,0.6366831,1
94886872,0,0.51971114,1
94889316,0,0.5116094,1
94897419,0,0.62971324,1
94897874,0,0.80253327,1
94899448,0,0.6366831,1
94901813,1,0.034060325,0
94902248,0,0.506652,1
94902647,0,0.6293993,1
94906805,0,0.6835282,1
94908158,0,0.6371873,1
94908876,1,0.002572256,0
94910431,1,0.0025125477,0
94911783,0,0.5113473,1
94912117,1,0.0022717214,0
94912200,1,0.0022717214,0
94913856,0,0.6371873,1
94914709,1,0.0022725065,0
94914938,1,0.0022725065,0
94920608,1,0.0045210645,0
94922743,0,0.6368922,1
94924308,0,0.62968755,1
94924359,0,0.7223348,1
94925676,2,0.448763,0
94926216,0,0.6353787,1
94926643,1,0.0024387287,0
94927133,0,0.5120579,1
94928546,0,0.5936295,1
94931788,0,0.62968755,1
94932465,0,0.5120579,1
94935271,0,0.62968755,1
94937280,1,0.0022717214,0
94938284,0,0.6289073,1
94939677,1,0.0022717214,0
94942039,1,0.003066652,0
94942145,0,0.6371873,1
94945229,1,0.0022717214,0
94945566,3,0.007904139,0
94946207,1,0.045781046,0
94950921,1,0.00227023,0
94954240,1,0.00251161,0
94954678,0,0.7465031,1
94957738,0,0.520174,1
94958839,1,0.0024395534,0
94959036,1,0.0025711174,0
94961712,1,0.0043976395,0
94964455,2,0.09723342,0
94966253,0,0.6291951,1
94967315,1,0.00251161,0
94969380,0,0.6371873,1
94972208,2,0.10530323,0
94972960,0,0.4482909,1
94974902,1,0.0022700895,0
94977092,1,0.0039794124,0
94980474,1,0.0022717214,0
94980874,0,0.6234326,1
94981382,1,0.0031839185,0
94981417,1,0.00244033,0
94982109,3,0.008562777,0
94982200,1,0.36610729,0
94982322,0,0.65005845,1
94982420,0,0.57491636,1
94985479,1,0.003071126,0
94985613,3,0.011274517,0
94985806,3,0.008593371,0
94989616,0,0.64859784,1
94990750,0,0.7235992,1
94991722,0,0.6371873,1
94994510,1,0.012421861,0
94995328,1,0.0027117145,0
94996125,1,0.013004218,0
94998078,3,0.035477184,0
94998802,1,0.0032908558,0
95002125,0,0.4313136,1
95003968,2,0.35520697,0
95006382,1,0.0027117145,0
95009353,1,0.0022717214,0
95010151,1,0.09843386,0
95013428,1,0.0022700895,0
95014188,2,0.058040053,0
95014566,1,0.0022717214,0
95015554,1,0.0024385776,0
95016858,1,0.021443047,0
95016983,0,0.6366831,1
95022993,1,0.0022707165,0
95026463,1,0.0027117145,0
95028570,1,0.0029086417,0
95031728,3,0.030716991,0
95035206,0,0.5120579,1
95035709,1,0.0035120887,0
95036428,1,0.0023743496,0
95036682,0,0.62968755,1
95037562,1,0.002843409,0
95040970,3,0.010014817,0
95042832,2,0.16098395,0
95043594,0,0.755778,1
95046032,0,0.5206868,1
95046606,1,0.0030667696,0
95048121,1,0.002573854,0
95048360,1,0.040312875,0
95048510,1,0.0022716005,0
95051392,1,0.0062873764,0
95052001,1,0.005311359,0
95052216,1,0.00244033,0
95055023,1,0.0022717214,0
95055152,0,0.520174,1
95058026,0,0.7286279,1
95058642,2,0.13675608,0
95062974,1,0.0022725065,0
95065320,0,0.6656596,1
95066372,1,0.002272395,0
95068022,1,0.0025107467,0
95068289,3,0.0064151986,0
95068428,1,0.002438353,0
95069706,1,0.0027097664,0
95071217,1,0.00244033,0
95072030,0,0.6371873,1
95073624,0,0.6242067,1
95078253,1,0.0025729649,0
95078658,1,0.002912558,0
95079708,0,0.5120579,1
95080371,1,0.0043779174,0
95084076,0,0.50108635,1
95084397,1,0.0022725065,0
95085053,1,0.002912886,0
95085168,1,0.021152021,0
95085785,0,0.6246623,1
95086401,0,0.66058916,1
95088469,2,0.28991905,0
95089310,1,0.004191607,0
95089722,0,0.782915,1
95089950,3,0.014455352,0
95090734,2,0.42082936,0
95091635,1,0.0024411734,0
95095551,2,0.4019884,0
95097759,1,0.0022709982,0
95097957,0,0.64573216,1
95099034,1,0.0022717214,0
95100912,1,0.00251041,0
95103181,1,0.0022717214,0
95103339,1,0.0028445737,0
95103348,1,0.030894838,0
95106608,1,0.0024385804,0
95108355,0,0.6279652,1
95108517,3,0.3201619,0
95108956,0,0.7383216,1
95109382,1,0.0022725065,0
95111373,0,0.62968755,1
95111701,1,0.0022717214,0
95112313,1,0.002573854,0
95114103,2,0.22477509,0
95114115,1,0.002438353,0
95114750,1,0.026410516,0
95116755,1,0.0028535412,0
95118908,0,0.4440086,1
95119303,1,0.00244033,0
95119312,1,0.00244033,0
95119431,1,0.00251161,0
95123212,0,0.5306381,1
95123383,0,0.71913487,1
95123993,1,0.003761299,0
95127971,0,0.6240734,1
95128061,0,0.6295551,1
95128176,0,0.67742157,1
95131104,1,0.00244033,0
95131386,0,0.6636781,1
95136661,1,0.002573854,0
95140402,1,0.00244033,0
95140684,1,0.0030375964,0
95145366,0,0.6624058,1
95145963,0,0.68593633,1
95146108,3,0.026351796,0
95146239,1,0.0030626846,0
95147245,1,0.0023752963,0
95148806,0,0.6023481,1
95151325,0,0.6293993,1
95154325,0,0.78188235,1
95157277,2,0.39963937,0
95158772,1,0.008732705,0
95161494,1,0.004474492,0
95162141,0,0.6597584,1
95162835,3,0.031492118,0
95162991,1,0.0022717214,0
95165920,1,0.0025729649,0
95166603,1,0.0022697384,0
95167861,1,0.0022679588,0
95169393,1,0.002910794,0
95171505,0,0.6631881,1
95174078,2,0.068282716,0
95175657,1,0.002270869,0
95177572,1,0.00251161,0
95177927,1,0.0022717214,0
95179529,1,0.0022681244,0
95182385,0,0.6371873,1
95182652,0,0.5206868,1
95184347,1,0.0022717214,0
95184798,1,0.0024411734,0
95185615,0,0.5206868,1
95185892,1,0.042714965,0
95186520,1,0.00244033,0
95186687,1,0.025969457,0
95189157,0,0.520174,1
95189867,1,0.002542336,0
95193196,0,0.52927184,1
95194100,1,0.0030619407,0
95195025,0,0.525756,1
95197145,2,0.38200384,0
95198093,0,0.64425796,1
95198951,1,0.020881115,0
95202553,0,0.6371873,1
95206558,1,0.0022717214,0
95206989,1,0.010030873,0
95207060,1,0.0022717214,0
95207319,1,0.0039864248,0
95209839,0,0.56416416,1
95212891,1,0.0025729649,0
95214668,0,0.62968755,1
95216911,1,0.034379892,0
95217063,1,0.0042971927,0
95219136,1,0.00251161,0
95219194,1,0.02829592,0
95222833,1,0.0022717214,0
95228610,1,0.003941826,0
95229677,0,0.6855082,1
95230517,0,0.5429576,1
95230870,1,0.030569945,0
95230871,1,0.00244033,0
95231518,0,0.79328144,1
95232042,3,0.07115794,0
95235377,1,0.00227023,0
95240939,1,0.0023750435,0
95243785,1,0.0024395534,0
95246431,1,0.0030721868,0
95248455,0,0.48623714,1
95248834,1,0.0024411734,0
95251344,1,0.0025098296,0
95251510,1,0.002432741,0
95253695,1,0.0022587574,0
95254092,2,0.25400653,0
95254501,0,0.6240734,1
95256508,1,0.0027108514,0
95258562,0,0.55990916,1
95260972,1,0.0030709018,0
95261498,2,0.42118132,0
95263586,0,0.7027504,1
95265381,0,0.5429576,1
95265471,0,0.5116094,1
95266068,0,0.6456024,1
95266108,1,0.012655891,0
95268569,1,0.00244033,0
95269421,0,0.68950915,1
95271551,1,0.003052582,0
95272438,3,0.36047933,0
95272758,0,0.7027504,1
95273545,0,0.6504151,1
95273849,0,0.5058698,1
95277124,0,0.4058513,1
95279664,1,0.0022725065,0
95279932,1,0.0025125477,0
95282993,1,0.0022717214,0
95284261,1,0.0022585783,0
95286109,1,0.003071592,0
95286235,3,0.026046365,0
95289583,0,0.5959718,1
95290853,1,0.00244033,0
95292258,0,0.50587445,1
95293710,1,0.0028445737,0
95294567,1,0.0024411734,0
95302974,1,0.0024385776,0
95304138,0,0.6694503,1
95305179,1,0.0039528,0
95310263,1,0.0028525626,0
95310560,1,0.0022698804,0
95310605,1,0.003976656,0
95310947,1,0.002270194,0
95313124,1,0.0030652003,0
95318752,1,0.002689166,0
95318927,0,0.51191515,1
95319812,0,0.6368922,1
95320202,0,0.746683,1
95320354,1,0.00244033,0
95320525,0,0.6587899,1
95323559,1,0.002842558,0
95326047,1,0.00227023,0
95326652,0,0.4748892,1
95328671,1,0.006127812,0
95330624,1,0.002573854,0
95331614,1,0.0022725065,0
95333163,2,0.23730913,0
95335305,1,0.004744754,0
95335452,0,0.51400745,1
95336799,1,0.002754167,0
95337012,1,0.00285885,0
95337214,1,0.0022717214,0
95338001,0,0.62968755,1
95338096,0,0.74439245,1
95338386,1,0.04007926,0
95338925,1,0.04400141,0
95339029,2,0.04247827,0
95339415,1,0.002437082,0
95339786,0,0.61657405,1
95340003,1,0.0022725065,0
95340516,1,0.00504943,0
95341587,0,0.6371873,1
95345572,0,0.5200316,1
95349389,1,0.00251161,0
95350808,0,0.6371873,1
95351576,1,0.0022698804,0
95354576,0,0.520498,1
95355240,2,0.17596011,0
95356390,0,0.520174,1
95357035,1,0.00244033,0
95357103,1,0.033403795,0
95357282,3,0.042088933,0
95357391,1,0.0022725065,0
95359080,0,0.615802,1
95360919,0,0.62968755,1
95362265,3,0.0072790724,0
95362936,3,0.01683326,0
95364651,1,0.0022717214,0
95366331,0,0.52659565,1
95366341,1,0.0043294514,0
95367530,1,0.0030489427,0
95369359,0,0.5429576,1
95370811,1,0.0023743496,0
95371018,1,0.00244033,0
95372308,0,0.7393657,1
95373590,0,0.49719623,1
95375429,3,0.15587814,0
95376257,3,0.3059473,0
95377296,1,0.0028286157,0
95378452,0,0.78927535,1
95378892,1,0.0022679588,0
95381010,1,0.003071126,0
95381986,1,0.022148212,0
95382331,0,0.70894307,1
95383038,0,0.7189391,1
95383186,0,0.6368922,1
95386916,1,0.006402563,0
95386917,3,0.01141346,0
95390577,0,0.57491636,1
95393587,1,0.0024414142,0
95396340,1,0.0025708803,0
95399169,0,0.62968755,1
95399861,1,0.0029119588,0
95401006,0,0.77678436,1
95402455,1,0.0025729649,0
95403765,1,0.0025729649,0
95405260,0,0.63681376,1
95406224,1,0.002573854,0
95409094,1,0.0025729649,0
95415999,3,0.26636592,0
95416932,0,0.6370562,1
95417500,0,0.5422112,1
95420477,1,0.032315575,0
95421234,1,0.0039414535,0
95422217,0,0.52142906,1
95423928,0,0.6242067,1
95426525,1,0.0039453814,0
95429933,1,0.0022700895,0
95429971,3,0.070452325,0
95430528,1,0.003349596,0
95431410,0,0.51990306,1
95433137,3,0.03656653,0
95434137,0,0.6905467,1
95436570,0,0.63023293,1
95437768,2,0.14170408,0
95441400,0,0.5200316,1
95442185,3,0.15067853,0
95445257,0,0.5391049,1
95447242,0,0.5224131,1
95447682,1,0.0024411734,0
95448359,1,0.0025733558,0
95448596,0,0.6235897,1
95450572,1,0.0022671,0
95451321,1,0.00244033,0
95453391,1,0.002912886,0
95454015,1,0.0022707165,0
95457207,1,0.039402273,0
95458119,2,0.32474607,0
95458875,1,0.0025110415,0
95459700,0,0.6814628,1
95459900,0,0.4411209,1
95463907,1,0.00244033,0
95466693,0,0.5120579,1
95467396,0,0.62968755,1
95469663,2,0.12880567,0
95471344,0,0.6371873,1
95472269,1,0.0022725065,0
95473150,0,0.7381714,1
95474612,0,0.6371873,1
95475681,1,0.0025729649,0
95476645,1,0.0025708803,0
95478096,1,0.00244033,0
95478433,0,0.6371873,1
95478676,1,0.00244033,0
95485281,1,0.0024395534,0
95486377,0,0.53894866,1
95487439,0,0.40932873,1
95490008,1,0.047295485,0
95490074,0,0.56227136,1
95490091,1,0.0022717214,0
95490309,2,0.056743238,0
95492457,0,0.7232522,1
95493439,0,0.55955625,1
95496466,0,0.6661212,1
95500741,1,0.016676607,0
95504828,1,0.0024385776,0
95510312,0,0.6371873,1
95511882,3,0.042123415,0
95512688,1,0.0022715777,0
95513279,1,0.0022717214,0
95517278,1,0.0022717214,0
95518894,2,0.37187773,0
95519027,1,0.003071126,0
95519469,1,0.002573854,0
95519933,0,0.62968755,1
95519992,1,0.0025721283,0
95520726,1,0.0036287138,0
95522117,0,0.6633579,1
95522688,1,0.0022717214,0
95524691,1,0.0022698804,0
95525936,0,0.56523436,1
95529472,1,0.0022725065,0
95533541,1,0.0060876166,0
95541831,0,0.51179534,1
95542046,1,0.002271624,0
95548055,1,0.0028535412,0
95548628,0,0.67627865,1
95549714,1,0.003845576,0
95552841,1,0.0053315163,0
95556734,3,0.010989427,0
95557210,0,0.74647,1
95558176,1,0.0022700895,0
95558744,1,0.002573854,0
95562291,1,0.00227023,0
95562610,0,0.6289073,1
95564477,3,0.04314404,0
95564547,1,0.00244033,0
95565996,1,0.42297646,0
95566594,1,0.0025728284,0
95567805,0,0.62446445,1
95567856,1,0.0022725065,0
95568546,1,0.0045116777,0
95568577,0,0.5059099,1
95569362,3,0.15731889,0
95569477,0,0.67338866,1
95570688,1,0.0025729649,0
95571327,1,0.0022715777,0
95572550,2,0.32966268,0
95572683,1,0.0037867527,0
95573579,1,0.0024411734,0
95573963,0,0.5113473,1
95574739,1,0.0022717214,0
95575295,0,0.6733136,1
95576395,1,0.011511668,0
95577296,2,0.46979326,0
95577579,1,0.0022717214,0
95577934,1,0.0022700895,0
95578327,1,0.00251161,0
95578958,0,0.6624358,1
95582906,1,0.002573854,0
95583221,1,0.037336487,0
95584206,0,0.5352283,1
95585356,1,0.0022709982,0
95586555,1,0.0025114387,0
95587862,2,0.2768886,0
95591931,0,0.6291947,1
95592078,1,0.0022698804,0
95592198,0,0.70894307,1
95593597,1,0.21542095,0
95593884,1,0.029107695,0
95594043,3,0.0162752,0
95594273,1,0.0027117145,0
95595405,3,0.042123415,0
95596594,1,0.0035100088,0
95597753,1,0.002570954,0
95598976,1,0.002270869,0
95600729,1,0.0022717214,0
95601942,1,0.0030619407,0
95607411,0,0.6234326,1
95610311,1,0.00284393,0
95611661,0,0.3840017,1
95613380,1,0.0025729649,0
95615728,1,0.020892331,0
95616836,0,0.50492203,1
95620613,1,0.0023743496,0
95621399,0,0.55097115,1
95622003,1,0.0027126516,0
95622066,0,0.6371873,1
95622106,0,0.6234326,1
95623496,1,0.0024385776,0
95624401,1,0.0023743496,0
95624917,1,0.0030619407,0
95627339,1,0.0022698804,0
95629379,1,0.00397903,0
95632725,1,0.010983142,0
95638024,0,0.5310123,1
95640260,1,0.0027105147,0
95641805,1,0.024790177,0
95644344,0,0.6955363,1
95646005,1,0.0022725065,0
95646188,0,0.65098125,1
95648078,1,0.003035873,0
95649363,3,0.0129568,0
95649529,1,0.0022717214,0
95650654,1,0.0027083782,0
95650718,2,0.0998679,0
95652690,0,0.5828563,1
95656014,0,0.6636781,1
95657497,3,0.06668823,0
95658588,0,0.5653166,1
95660592,1,0.005035049,0
95662678,3,0.065909445,0
95672090,1,0.0022671,0
95672432,1,0.0027117145,0
95672649,1,0.0024353666,0
95673971,1,0.0066894665,0
95674031,0,0.5367825,1
95675969,1,0.0022717214,0
95676649,1,0.0025677322,0
95678341,1,0.0022717214,0
95679146,0,0.6636781,1
95683384,1,0.0022717214,0
95683457,1,0.3596478,0
95684994,0,0.65300125,1
95685208,1,0.00251161,0
95686201,1,0.004711363,0
95688184,2,0.03888267,0
95689863,1,0.03357067,0
95690060,1,0.005334099,0
95691145,0,0.55415386,1
95691920,1,0.00227023,0
95692361,1,0.0024385776,0
95692704,1,0.0025732396,0
95693083,1,0.0022717214,0
95695398,1,0.0030619407,0
95697267,1,0.0022717214,0
95700930,1,0.0022725065,0
95701668,3,0.06673118,0
95702620,0,0.6208916,1
95704941,1,0.003071126,0
95706342,1,0.0034926648,0
95708373,1,0.0022717214,0
95708758,1,0.00244033,0
95710467,1,0.0022716005,0
95714098,0,0.7674345,1
95716835,0,0.6315412,1
95718095,1,0.0022698804,0
95722080,1,0.002432741,0
95722150,1,0.0022725065,0
95723813,1,0.0025729649,0
95725303,1,0.050947476,0
95727398,0,0.6631881,1
95727581,0,0.520174,1
95728061,2,0.39278322,0
95728367,2,0.4042826,0
95728565,1,0.00780297,0
95728682,1,0.0030619407,0
95731177,1,0.0022717214,0
95731464,1,0.0024385776,0
95732593,0,0.7621169,1
95733729,0,0.6184142,1
95735927,1,0.007497657,0
95738238,0,0.7400025,1
95739151,0,0.7130701,1
95740720,1,0.0028550022,0
95743665,1,0.004746225,0
95744892,0,0.6176766,1
95746287,1,0.002842558,0
95746341,1,0.0064449175,0
95747457,1,0.0022725065,0
95748968,1,0.0022709982,0
95750662,0,0.63924617,1
95751824,2,0.40734002,0
95752063,2,0.44759294,0
95754806,0,0.6614053,1
95757780,1,0.0022717214,0
95761352,1,0.00244033,0
95761838,0,0.750759,1
95762000,0,0.66330683,1
95762541,0,0.51971114,1
95762901,1,0.0022725065,0
95763639,3,0.35547763,0
95769465,1,0.0040498357,0
95772770,1,0.0022717214,0
95773772,1,0.00227023,0
95773956,1,0.0025695406,0
95774097,1,0.0024411734,0
95775409,1,0.0025729649,0
95780966,1,0.013895308,0
95784058,1,0.0024411734,0
95784071,1,0.0028445737,0
95788152,1,0.0731295,0
95790323,0,0.65488183,1
95791102,1,0.0031504992,0
95792112,1,0.044921268,0
95792844,0,0.8061612,1
95793662,2,0.34741375,0
95794546,0,0.62968755,1
95795338,1,0.0022717214,0
95795634,1,0.0100342985,0
95795742,1,0.01856632,0
95796942,1,0.00227023,0
95798167,2,0.29982162,0
95799546,0,0.6636781,1
95799973,0,0.6368922,1
95804802,1,0.0022725065,0
95805582,0,0.5028437,1
95807171,0,0.6155263,1
95808093,0,0.50508124,1
95811003,1,0.0036599585,0
95811563,1,0.0022717214,0
95813928,1,0.0024411734,0
95815380,1,0.00227023,0
95818037,1,0.00244033,0
95818280,2,0.10723147,0
95819006,0,0.5200316,1
95819060,1,0.0022698804,0
95824084,1,0.0028456352,0
95824519,1,0.0027115704,0
95824811,0,0.53080636,1
95825697,1,0.002569116,0
95826656,2,0.47110155,0
95826962,2,0.056481875,0
95827023,0,0.7223348,1
95827188,1,0.0025728024,0
95834479,0,0.6511594,1
95836929,0,0.5187181,1
95836943,1,0.0054059816,0
95839722,1,0.0022707165,0
95840078,0,0.66607493,1
95841248,0,0.6486513,1
95842949,0,0.70993936,1
95848153,0,0.75199574,1
95848946,1,0.0028465465,0
95851343,1,0.0045801136,0
95852445,1,0.00244033,0
95852623,1,0.0025273943,0
95855280,0,0.6836497,1
95857316,0,0.5120579,1
95860188,0,0.6384287,1
95861404,1,0.0022725065,0
95863767,0,0.520174,1
95864122,1,0.0025694803,0
95867209,1,0.0035137436,0
95868252,0,0.63924617,1
95875745,3,0.02009198,0
95876466,1,0.002272395,0
95876783,2,0.15177636,0
95878250,0,0.5312013,1
95878593,1,0.0030721868,0
95880376,1,0.011959524,0
95881063,1,0.26829228,0
95882069,0,0.520174,1
95884859,0,0.76678795,1
95886757,1,0.0025677322,0
95887192,1,0.0025515726,0
95887296,3,0.065909445,0
95888814,0,0.5797464,1
95891571,1,0.0022700895,0
95895478,1,0.0022700895,0
95896596,1,0.002439346,0
95897234,0,0.6504151,1
95898315,0,0.5120579,1
95899969,1,0.0022725065,0
95900768,1,0.0022725065,0
95904822,0,0.6371873,1
95909419,1,0.0025708803,0
95909982,0,0.7590085,1
95910601,1,0.0022709982,0
95911136,1,0.0045755683,0
95911992,0,0.7154463,1
95912444,1,0.0025729649,0
95913636,0,0.8060307,1
95916348,0,0.63829744,1
95918578,0,0.6371873,1
95919761,1,0.0022717214,0
95919767,1,0.0022717214,0
95922586,0,0.6234326,1
95924015,1,0.0024395534,0
95924513,1,0.0022708047,0
95925750,1,0.00227023,0
95926498,2,0.047427442,0
95927285,0,0.6371873,1
95928504,1,0.00244033,0
95928966,1,0.0030631928,0
95929998,1,0.0306618,0
95930490,1,0.013401356,0
95931105,1,0.0022717214,0
95932909,0,0.62968755,1
95935880,1,0.0022717214,0
95937176,1,0.002689166,0
95937970,0,0.5200316,1
95939000,0,0.62066776,1
95940671,0,0.70074594,1
95941466,0,0.52227074,1
95943274,0,0.6615416,1
95946841,1,0.0022725065,0
95947017,0,0.6371873,1
95947377,1,0.002429642,0
95947990,0,0.6371873,1
95950298,1,0.028635662,0
95950447,0,0.68593633,1
95952011,1,0.21698526,0
95955347,1,0.0028456352,0
95955393,1,0.002912886,0
95955858,0,0.5116094,1
95958351,1,0.0025708803,0
95958528,2,0.36519864,0
95964491,1,0.00284393,0
95964591,2,0.34978062,0
95967965,1,0.00244033,0
95968542,1,0.0027126516,0
95968896,1,0.0030667696,0
95969399,1,0.0030619407,0
95969490,1,0.027687946,0
95969927,1,0.00227023,0
95973205,1,0.0022717214,0
95973623,2,0.29956767,0
95976717,0,0.6371873,1
95977810,1,0.011199165,0
95979386,0,0.6621249,1
95980753,1,0.0022669258,0
95981514,1,0.0024410535,0
95981516,0,0.5295393,1
95983193,1,0.0027097664,0
95983935,1,0.005400192,0
95985576,1,0.0024385776,0
95986486,0,0.520174,1
95987305,0,0.6371873,1
95990206,1,0.0028550022,0
95992729,1,0.00251161,0
95993209,1,0.0022725065,0
95995287,1,0.0025505559,0
95996191,1,0.0024335817,0
95996909,1,0.0027115704,0
95999242,0,0.7498407,1
95999386,0,0.80426973,1
96001530,3,0.12657104,0
96002915,0,0.5120579,1
96003043,0,0.6636781,1
96006156,1,0.0028535412,0
96008283,0,0.6094964,1
96010688,1,0.00244033,0
96011950,0,0.7938992,1
96013570,0,0.62968755,1
96014657,1,0.0022704888,0
96015051,0,0.5120579,1
96015610,1,0.18392016,0
96017701,1,0.0022725065,0
96018836,1,0.0022717214,0
96019042,0,0.6370562,1
96020311,0,0.7222112,1
96020585,1,0.0022725065,0
96020977,1,0.002573854,0
96021143,1,0.0050437357,0
96022736,2,0.17806292,0
96025598,0,0.520174,1
96027518,0,0.520174,1
96030040,2,0.3343986,0
96032981,0,0.62968755,1
96033949,1,0.002573854,0
96034768,0,0.6234326,1
96035083,1,0.0027077626,0
96037192,0,0.54517984,1
96040580,2,0.28070748,0
96041000,1,0.00244033,0
96042612,1,0.03714375,0
96042893,1,0.0033035066,0
96044500,1,0.04468077,0
96046081,1,0.036001183,0
96047454,1,0.00244033,0
96050854,1,0.0022725065,0
96051261,1,0.004276116,0
96051551,1,0.00244033,0
96052131,3,0.3067271,0
96053904,1,0.0022700895,0
96057141,1,0.0025712766,0
96057411,1,0.0028505058,0
96058624,1,0.0022725065,0
96058975,1,0.0025729649,0
96059815,0,0.5650103,1
96061569,3,0.25811404,0
96063456,1,0.003569778,0
96064970,0,0.520174,1
96065373,1,0.0030652003,0
96067753,0,0.734281,1
96069849,2,0.049099904,0
96071036,0,0.51191515,1
96072926,2,0.11747283,0
96073633,1,0.0028535412,0
96075001,1,0.0025712766,0
96081518,1,0.0030649134,0
96083456,0,0.6282891,1
96083757,0,0.6290884,1
96084178,3,0.3173105,0
96087305,0,0.7782982,1
96087531,0,0.6492281,1
96090525,1,0.014571176,0
96091334,1,0.0030619407,0
96091681,1,0.0027117145,0
96093917,1,0.0034008569,0
96094411,0,0.7223348,1
96094841,1,0.0047995443,0
96095182,1,0.0045645335,0
96095917,1,0.00283223,0
96098389,0,0.6371873,1
96099945,1,0.00251161,0
96100127,0,0.63655216,1
96101241,0,0.57435006,1
96104192,1,0.00397903,0
96105493,1,0.0027149273,0
96105904,1,0.0022716005,0
96106296,1,0.002573854,0
96106346,1,0.0061528375,0
96106525,0,0.52659565,1
96109282,0,0.520174,1
96111070,1,0.0027097664,0
96111979,1,0.0036568488,0
96113241,1,0.0024280732,0
96114655,1,0.0039757676,0
96115414,0,0.5378236,1
96117641,1,0.00244033,0
96118369,1,0.0030667696,0
96123445,1,0.0025505559,0
96124446,0,0.5200316,1
96125936,1,0.0022725065,0
96127668,0,0.6295551,1
96127870,1,0.0024381434,0
96131752,0,0.5185143,1
96132502,1,0.0024395534,0
96135166,0,0.6636781,1
96136205,1,0.0022717214,0
96137764,0,0.6293993,1
96139579,1,0.0022686438,0
96139728,1,0.0022717214,0
96140218,1,0.0027126516,0
96140443,1,0.0030721868,0
96141481,1,0.004913461,0
96142418,1,0.0022717214,0
96147510,2,0.16718607,0
96149250,1,0.00227023,0
96150297,1,0.027154809,0
96151348,1,0.0024385776,0
96155653,1,0.0025677322,0
96157932,1,0.0022717214,0
96161614,0,0.6478972,1
96161816,1,0.04189778,0
96162583,0,0.5638602,1
96162965,1,0.0024411734,0
96164415,2,0.37982094,0
96172588,1,0.0022725065,0
96174125,1,0.031652074,0
96175842,1,0.0024387287,0
96180315,0,0.51078445,1
96185138,1,0.0025729649,0
96185850,1,0.0026877942,0
96187519,1,0.0027117145,0
96188225,1,0.0022725065,0
96190294,3,0.032066997,0
96191855,1,0.018411733,0
96192096,1,0.0022698804,0
96194128,1,0.003250546,0
96194440,3,0.02839194,0
96195176,2,0.41528073,0
96195978,0,0.6911133,1
96196645,1,0.0022717214,0
96201811,1,0.0025708803,0
96202301,0,0.64314276,1
96202781,1,0.0022717214,0
96204469,1,0.035840075,0
96205613,1,0.0024385776,0
96208151,1,0.0029086417,0
96209678,0,0.53954136,1
96213422,1,0.0022725065,0
96214652,1,0.0022699498,0
96216023,1,0.05455519,0
96217261,1,0.00251161,0
96219213,1,0.031827707,0
96219599,0,0.79328144,1
96227000,1,0.049122196,0
96232039,1,0.0028533165,0
96232299,0,0.615802,1
96234652,0,0.5206868,1
96240198,0,0.5169555,1
96240606,1,0.00244033,0
96242817,1,0.0025729649,0
96243762,1,0.003071126,0
96243812,1,0.005472219,0
96244813,1,0.0022700895,0
96244875,1,0.002573854,0
96245860,1,0.0022719637,0
96246084,0,0.75420505,1
96247518,0,0.519569,1
96248040,1,0.0024387287,0
96248093,1,0.003154121,0
96251144,0,0.50733906,1
96254533,1,0.0060205315,0
96255213,1,0.11797904,0
96256735,0,0.7502141,1
96258737,0,0.5207036,1
96259296,1,0.0025718273,0
96260385,1,0.0028535412,0
96263271,3,0.019264458,0
96263621,0,0.5705853,1
96266895,2,0.05774822,0
96269610,1,0.0030652003,0
96270212,0,0.51971114,1
96270989,1,0.0025125477,0
96278603,1,0.0022715777,0
96279019,0,0.8166424,1
96279263,1,0.0054050307,0
96279572,1,0.0022725065,0
96281535,1,0.0025712766,0
96282298,1,0.0022717214,0
96282891,1,0.040016223,0
96283212,1,0.0061448435,0
96283258,1,0.0025729649,0
96290210,1,0.0029401423,0
96290869,1,0.014520517,0
96291488,3,0.17053372,0
96293101,0,0.52142906,1
96294013,1,0.0022717214,0
96294316,3,0.048928637,0
96294541,0,0.6366831,1
96296355,1,0.0022717214,0
96296480,2,0.35117415,0
96298558,2,0.12046053,0
96299526,1,0.0043976395,0
96300345,0,0.5733729,1
96301423,1,0.0028550022,0
96301546,1,0.00244033,0
96302233,0,0.644995,1
96303545,1,0.00244033,0
96305442,3,0.0075289723,0
96305988,1,0.0035977655,0
96306895,0,0.51990306,1
96307335,2,0.36754614,0
96307377,0,0.69984066,1
96308404,1,0.0024385776,0
96309886,0,0.63646,1
96310931,1,0.0022725065,0
96314422,1,0.0022717214,0
96314555,1,0.0024411734,0
96315088,1,0.0035126563,0
96318281,1,0.0025677322,0
96320910,2,0.4064398,0
96322002,2,0.39672986,0
96327630,0,0.5426153,1
96330703,1,0.0022725065,0
96331034,1,0.0022717214,0
96331053,0,0.5491939,1
96333912,1,0.0027542182,0
96334026,3,0.037651815,0
96336078,1,0.0025729649,0
96336881,0,0.615802,1
96339250,0,0.72195554,1
96343112,1,0.0036555957,0
96344014,1,0.0035137436,0
96346786,1,0.0025704931,0
96347192,1,0.0026132693,0
96347719,1,0.0035443236,0
96351702,0,0.5278927,1
96352469,0,0.62968755,1
96353629,0,0.7979104,1
96353822,1,0.0399707,0
96354966,0,0.66330683,1
96360033,0,0.54266244,1
96360790,0,0.6312641,1
96363154,0,0.6234326,1
96363591,0,0.67381364,1
96364079,1,0.0030709626,0
96364576,1,0.0025541026,0
96364791,1,0.002573854,0
96366281,1,0.043224145,0
96366394,1,0.004604536,0
96368902,1,0.0030689205,0
96371413,1,0.002573854,0
96373209,1,0.032760717,0
96375277,1,0.037572,0
96376542,1,0.011017826,0
96382374,0,0.56012547,1
96385361,0,0.63562495,1
96385706,1,0.0022717214,0
96386595,1,0.0022707165,0
96386601,0,0.6371873,1
96388159,1,0.0025728284,0
96389128,0,0.54483473,1
96389188,1,0.0025729649,0
96389225,0,0.6836497,1
96389502,0,0.54452765,1
96389982,1,0.0022717214,0
96393748,0,0.6295551,1
96395260,0,0.44115674,1
96395686,0,0.5423143,1
96398812,2,0.104772195,0
96398903,1,0.0022725065,0
96398943,1,0.0025711204,0
96399500,1,0.00244033,0
96399617,1,0.0051439046,0
96400211,1,0.0022698804,0
96400806,0,0.5120579,1
96402039,0,0.6371873,1
96402069,0,0.70026404,1
96402355,1,0.0035192166,0
96405215,1,0.005353604,0
96407110,0,0.62968755,1
96409725,1,0.0024373282,0
96410846,1,0.0024411734,0
96413610,1,0.0022700895,0
96413813,1,0.028279033,0
96415309,0,0.7595906,1
96416328,1,0.0022708047,0
96419583,1,0.026410516,0
96422563,1,0.0035202769,0
96422730,1,0.0028445737,0
96424443,2,0.027112078,0
96424520,0,0.6371873,1
96427295,1,0.0039777993,0
96431915,2,0.20589708,0
96431980,0,0.61749166,1
96432636,0,0.51971114,1
96432824,0,0.6371873,1
96433619,3,0.04841495,0
96435641,1,0.0022725065,0
96436212,0,0.51146686,1
96436264,2,0.40991735,0
96438179,1,0.00611502,0
96439542,0,0.50616646,1
96439723,3,0.16736983,0
96441438,1,0.0024395534,0
96442469,1,0.04893518,0
96442512,1,0.0035443236,0
96443689,1,0.003404476,0
96443909,0,0.52157956,1
96444786,1,0.0025734727,0
96445379,1,0.0022709982,0
96445756,1,0.00227023,0
96448711,3,0.047113482,0
96449128,1,0.0046145897,0
96449838,1,0.0030637558,0
96450440,0,0.62446445,1
96452482,1,0.002511466,0
96453867,1,0.0039490415,0
96458691,1,0.0025125477,0
96461368,0,0.520174,1
96463092,1,0.00244033,0
96464547,0,0.7550646,1
96465211,0,0.5421476,1
96465911,3,0.10413216,0
96468592,0,0.66513044,1
96468976,0,0.63562495,1
96469975,0,0.615802,1
96470414,3,0.042561177,0
96471764,1,0.08229793,0
96471840,1,0.0028532739,0
96473446,1,0.0027117145,0
96473479,2,0.34203258,0
96474107,2,0.29045525,0
96475598,1,0.0022717214,0
96478238,1,0.002573854,0
96479485,1,0.0025712766,0
96479512,0,0.7542515,1
96480453,0,0.61624706,1
96482011,1,0.004191607,0
96483452,0,0.615802,1
96484440,0,0.5429576,1
96484796,1,0.0022725065,0
96485528,1,0.0022717214,0
96486377,1,0.0022671,0
96487113,1,0.011935645,0
96488088,1,0.0022700895,0
96491845,0,0.674605,1
96492340,0,0.525756,1
96492551,1,0.0022717214,0
96493021,1,0.0071791867,0
96494410,1,0.002689166,0
96494580,1,0.00244033,0
96496045,1,0.0033438762,0
96496744,1,0.003679284,0
96496816,1,0.0022725065,0
96498528,1,0.0025125477,0
96499640,0,0.4586924,1
96502464,2,0.07574584,0
96503097,0,0.5927812,1
96504901,0,0.6363884,1
96505855,1,0.003960834,0
96510298,0,0.624074,1
96511399,1,0.002573854,0
96511674,1,0.00244033,0
96511906,1,0.004318531,0
96513717,1,0.003680065,0
96514441,1,0.0030721868,0
96514571,1,0.003071592,0
96515891,0,0.5120579,1
96516953,0,0.574167,1
96519286,3,0.018234545,0
96519412,1,0.034550324,0
96522559,3,0.007843476,0
96525695,0,0.5806668,1
96525702,0,0.62968755,1
96529369,1,0.00244033,0
96530589,1,0.031827707,0
96532575,1,0.028279033,0
96532785,1,0.003673513,0
96535785,1,0.0022717214,0
96536571,1,0.016218757,0
96542561,0,0.61657405,1
96545217,0,0.64895284,1
96546111,1,0.0025729649,0
96546474,2,0.055414435,0
96547616,1,0.0022695381,0
96548353,1,0.0024411734,0
96548378,1,0.081476055,0
96548383,0,0.63299656,1
96548493,0,0.7231532,1
96553088,0,0.63924617,1
96553955,0,0.6257869,1
96559842,0,0.5120579,1
96560860,3,0.00865565,0
96563067,0,0.7223348,1
96563409,2,0.06941357,0
96563574,0,0.60440415,1
96564971,3,0.084600694,0
96565391,1,0.02212798,0
96565818,1,0.007887227,0
96565960,1,0.003071126,0
96566941,0,0.6537337,1
96568134,0,0.7286279,1
96568707,1,0.0024411734,0
96572907,0,0.6631881,1
96574404,1,0.0030721868,0
96574866,1,0.0025711174,0
96575474,0,0.78973645,1
96577403,1,0.0045948518,0
96577733,1,0.0393739,0
96582179,0,0.66913164,1
96582555,1,0.0022717214,0
96583608,1,0.0024387287,0
96584661,0,0.49021682,1
96585729,0,0.520174,1
96587364,0,0.6234326,1
96589076,1,0.0024395534,0
96589537,2,0.27561468,0
96589957,1,0.006209869,0
96593591,0,0.5907131,1
96594695,1,0.00244033,0
96596396,0,0.66330683,1
96601779,1,0.010851196,0
96603261,1,0.0028456352,0
96603733,0,0.6371873,1
96605727,0,0.6371873,1
96608942,1,0.0035137436,0
96610148,1,0.002573854,0
96613831,1,0.0028445737,0
96613928,1,0.0022725065,0
96615356,1,0.0022719637,0
96615417,0,0.6154209,1
96615598,1,0.0025729649,0
96615919,0,0.62968755,1
96616335,1,0.0022717214,0
96618495,0,0.6204564,1
96618688,1,0.0024395534,0
96619385,1,0.0025729649,0
96620593,1,0.0039777993,0
96621768,1,0.0025125477,0
96625126,1,0.0027126516,0
96625933,1,0.003071126,0
96626489,0,0.68593633,1
96626718,3,0.037553556,0
96632081,0,0.6291951,1
96633919,1,0.0022717214,0
96634349,1,0.0022725065,0
96635324,1,0.0022717214,0
96635390,0,0.520174,1
96636465,1,0.00227023,0
96636921,1,0.002573854,0
96637873,1,0.011937327,0
96637919,0,0.66330683,1
96638525,1,0.0024411734,0
96639163,0,0.62968755,1
96641858,1,0.013829407,0
96642206,1,0.035446517,0
96642596,0,0.54266685,1
96644425,1,0.0022725065,0
96647403,0,0.63924617,1
96647926,1,0.0028511984,0
96649804,2,0.45939362,0
96650627,0,0.5120579,1
96651137,0,0.62968755,1
96652950,1,0.0022717214,0
96654309,1,0.0027126516,0
96656300,1,0.0035202769,0
96656640,1,0.0022725065,0
96657505,1,0.0027117145,0
96660840,1,0.054498352,0
96662466,0,0.6720026,1
96668759,1,0.00244033,0
96669029,0,0.8596871,1
96670404,1,0.0033132196,0
96672992,1,0.0025718273,0
96673342,1,0.0022725065,0
96673968,1,0.003051665,0
96674505,0,0.63924617,1
96675355,1,0.00244033,0
96677635,1,0.0022725065,0
96678511,3,0.022835737,0
96679364,0,0.62968755,1
96679742,1,0.002573854,0
96681475,0,0.5426153,1
96683718,1,0.03366317,0
96686016,0,0.72534347,1
96686607,1,0.0029138923,0
96688048,1,0.003974803,0
96688528,1,0.0027061808,0
96689549,1,0.002842558,0
96692478,1,0.0025737279,0
96693244,1,0.0031549146,0
96697876,0,0.49886733,1
96698879,0,0.51179534,1
96699057,3,0.022374263,0
96699198,0,0.6357555,1
96699225,1,0.1215608,0
96699677,0,0.74856067,1
96700389,1,0.0022707165,0
96701487,1,0.0035123099,0
96702887,0,0.51990306,1
96706189,1,0.0022671,0
96706265,0,0.6291951,1
96706459,3,0.13535622,0
96706769,1,0.003066652,0
96706789,1,0.0032794948,0
96708021,1,0.0022709824,0
96709213,0,0.6591423,1
96709307,1,0.0022716005,0
96709662,1,0.005353604,0
96709976,1,0.002573854,0
96710335,2,0.28343084,0
96711469,1,0.0022717214,0
96712722,0,0.4950913,1
96713767,1,0.003973989,0
96715713,2,0.38166764,0
96716531,3,0.026492793,0
96717602,1,0.00244033,0
96718398,1,0.0022700895,0
96720754,0,0.5252489,1
96724275,1,0.0028535412,0
96725064,1,0.011476192,0
96725985,0,0.6368922,1
96727625,1,0.0024411734,0
96731831,1,0.0022708047,0
96731886,1,0.0024387287,0
96732016,0,0.65820277,1
96732141,0,0.6694503,1
96732671,1,0.0022725065,0
96736528,1,0.0045080697,0
96737038,1,0.00476846,0
96737103,1,0.040985957,0
96738290,1,0.0025721462,0
96739761,0,0.6034931,1
96740808,1,0.0030619407,0
96741790,1,0.002271245,0
96742996,1,0.0022716005,0
96743623,0,0.7966405,1
96747283,1,0.033458304,0
96747642,0,0.7235992,1
96748336,0,0.6561521,1
96749608,1,0.0025721462,0
96751606,1,0.0024411734,0
96751626,1,0.0022717214,0
96751686,1,0.0028511984,0
96753515,1,0.002560049,0
96754231,1,0.030067833,0
96755007,0,0.49208868,1
96755486,1,0.012461254,0
96755643,0,0.63539064,1
96757438,1,0.0024411734,0
96759753,0,0.35121354,1
96760385,0,0.6371873,1
96760480,1,0.0022709982,0
96762346,0,0.739541,1
96767402,0,0.6371029,1
96767723,0,0.52629477,1
96767786,1,0.003071126,0
96768958,0,0.61020863,1
96769263,0,0.520174,1
96770546,1,0.0024411734,0
96771250,1,0.004379174,0
96772669,1,0.0022698804,0
96772943,1,0.0022717214,0
96773546,1,0.0022709982,0
96774282,1,0.0022698804,0
96774636,2,0.0329593,0
96774899,0,0.63462555,1
96779633,0,0.6169551,1
96779884,1,0.0022725065,0
96781990,1,0.004722124,0
96782671,1,0.0043207905,0
96782891,2,0.35772738,0
96784614,0,0.75539374,1
96785464,1,0.0022699498,0
96785882,0,0.7755212,1
96788236,0,0.6725388,1
96788277,1,0.0028505058,0
96788719,1,0.0028526573,0
96788907,1,0.0025515726,0
96790226,1,0.0038835958,0
96794611,0,0.51990306,1
96796852,1,0.0103407465,0
96799704,1,0.003540168,0
96800074,1,0.00251161,0
96801267,1,0.004581307,0
96801859,0,0.70138466,1
96802185,1,0.00251161,0
96803142,1,0.0028456352,0
96803342,0,0.6366831,1
96804647,1,0.3385853,0
96804750,1,0.0039764266,0
96809091,0,0.65263605,1
96811593,3,0.04309278,0
96812134,0,0.6475219,1
96815391,1,0.0022689262,0
96815486,0,0.6698001,1
96817582,1,0.0027125184,0
96817694,1,0.0030619407,0
96818177,1,0.0022700895,0
96818732,1,0.018566454,0
96819388,1,0.0022717214,0
96819612,1,0.00251161,0
96820449,0,0.758985,1
96820905,1,0.0022717214,0
96821587,0,0.6054196,1
96825975,1,0.00244033,0
96826225,1,0.0036529622,0
96826244,1,0.0024478203,0
96828515,1,0.0042954083,0
96833287,1,0.00227023,0
96835425,1,0.0025712766,0
96835637,1,0.0027097664,0
96835682,0,0.5425059,1
96835951,1,0.0030637558,0
96837939,1,0.00227023,0
96840270,0,0.50123364,1
96843911,1,0.0025729649,0
96844062,0,0.6293993,1
96844809,0,0.6370562,1
96845025,0,0.7187679,1
96849361,0,0.6371873,1
96850216,1,0.006737997,0
96851671,3,0.017250873,0
96852306,0,0.46352354,1
96852523,1,0.0028445737,0
96852538,1,0.0030689475,0
96854333,1,0.003071126,0
96855764,0,0.6366831,1
96855915,0,0.62968755,1
96856737,2,0.33451155,0
96858076,0,0.6371873,1
96859429,1,0.0025728024,0
96860560,3,0.28323025,0
96860846,0,0.6371873,1
96865603,0,0.51971114,1
96868508,1,0.0027117145,0
96869437,2,0.19899322,0
96874243,1,0.029090852,0
96875706,1,0.00227023,0
96880112,1,0.0025096615,0
96880621,1,0.002438353,0
96886110,1,0.00227023,0
96891023,0,0.68346214,1
96892207,1,0.045026414,0
96898377,0,0.62968755,1
96902035,0,0.58568186,1
96903977,1,0.0024353666,0
96905114,0,0.6242067,1
96906722,1,0.0032996912,0
96906789,0,0.43082857,1
96910597,0,0.7868975,1
96913930,1,0.0022717214,0
96914032,1,0.005311359,0
96915576,1,0.0022719637,0
96917368,1,0.0027117145,0
96918868,0,0.7757237,1
96919286,3,0.3067271,0
96923479,1,0.034802686,0
96924571,0,0.6368922,1
96924932,0,0.5327294,1
96927143,1,0.00251161,0
96927994,0,0.40363193,1
96930395,0,0.6370562,1
96930801,1,0.002573854,0
96931177,0,0.6371873,1
96931515,1,0.0022717214,0
96931891,0,0.62968755,1
96934657,0,0.51885986,1
96938962,0,0.5263222,1
96939273,1,0.0022717214,0
96940284,1,0.0022725065,0
96941256,0,0.66330683,1
96942799,1,0.0073739835,0
96944315,1,0.002440176,0
96944796,1,0.0022717214,0
96944857,3,0.0073670186,0
96945189,2,0.25850388,0
96947245,0,0.6293993,1
96947818,2,0.07557233,0
96948151,1,0.032302048,0
96949640,1,0.0027117145,0
96951997,0,0.74863714,1
96952206,3,0.0073560257,0
96952688,1,0.0035180373,0
96952725,1,0.0028535412,0
96953182,1,0.0025721462,0
96954262,0,0.62968755,1
96954946,2,0.49129212,0
96959026,2,0.10412052,0
96959567,2,0.091733575,0
96960157,0,0.5116094,1
96966573,0,0.6371873,1
96966901,1,0.0022717214,0
96969327,0,0.6293993,1
96969398,1,0.0026871308,0
96969584,0,0.5120579,1
96970537,3,0.20093557,0
96973692,1,0.0022698804,0
96977697,0,0.519569,1
96978280,0,0.5120579,1
96979493,0,0.6366831,1
96980179,1,0.0022698804,0
96982554,0,0.6875426,1
96989232,0,0.39405084,1
96991215,0,0.51523405,1
96992494,1,0.0022717214,0
96993054,1,0.0022725065,0
96994161,1,0.0030652003,0
96994426,1,0.0022702867,0
96994908,0,0.4838192,1
96995498,1,0.0023760914,0
96997398,0,0.6240734,1
96998986,1,0.0022718236,0
96999478,1,0.0027117145,0
96999563,0,0.5120579,1
97000498,2,0.24275674,0
97007290,2,0.46053526,0
97007361,1,0.0030697677,0
97009520,3,0.078832604,0
97010072,1,0.0030652003,0
97012843,0,0.7156028,1
97016047,1,0.0027097664,0
97017838,0,0.62968755,1
97017840,2,0.10843496,0
97019007,0,0.6040355,1
97020070,0,0.6615416,1
97021762,0,0.6636781,1
97021894,2,0.17965561,0
97024008,0,0.6583034,1
97024097,1,0.0045210645,0
97024273,1,0.0024411734,0
97025850,0,0.6240586,1
97027169,0,0.6371873,1
97028847,1,0.002912886,0
97032265,1,0.005353604,0
97032622,1,0.0022709982,0
97032802,0,0.6446965,1
97032970,1,0.0028535412,0
97033187,1,0.002912886,0
97034300,1,0.003071126,0
97037904,0,0.5200316,1
97039083,1,0.0022725065,0
97039712,1,0.0022717214,0
97040041,1,0.0022717214,0
97041990,1,0.0092876395,0
97042291,3,0.32088757,0
97043165,0,0.54266685,1
97043626,1,0.0033006128,0
97052523,1,0.0022709982,0
97058260,1,0.0027117145,0
97060155,1,0.003976656,0
97064339,1,0.0027117145,0
97065421,0,0.61657405,1
97068608,0,0.6145296,1
97069070,1,0.002912886,0
97069238,1,0.0022709982,0
97070861,3,0.01436667,0
97076897,0,0.84015834,1
97077362,1,0.0022716005,0
97079228,1,0.0035137436,0
97079304,0,0.62968755,1
97080352,1,0.0023743496,0
97082562,1,0.017834721,0
97084104,0,0.6234326,1
97089392,2,0.097912356,0
97090617,0,0.62968755,1
97090643,1,0.0028532739,0
97092066,2,0.19974217,0
97093019,0,0.5057282,1
97093036,1,0.002573854,0
97093735,0,0.6370562,1
97096674,0,0.5582479,1
97096939,1,0.0025712766,0
97097638,0,0.5193701,1
97097837,1,0.00244033,0
97100749,1,0.0053241155,0
97101935,0,0.66304284,1
97102711,1,0.002573854,0
97103312,0,0.5120579,1
97103629,0,0.76298076,1
97104502,1,0.00251161,0
97105632,1,0.0030213846,0
97105823,2,0.29319328,0
97106262,1,0.002440176,0
97108508,1,0.00397903,0
97112703,1,0.00244033,0
97113076,1,0.0025125477,0
97118897,0,0.51191515,1
97119687,1,0.0022725065,0
97123942,0,0.5925403,1
97124091,0,0.5428163,1
97124134,1,0.0022689262,0
97124548,1,0.0022717214,0
97125404,1,0.0028445737,0
97126109,1,0.002551003,0
97127115,1,0.002438353,0
97127866,1,0.00244033,0
97129239,1,0.0075941505,0
97131641,1,0.0027117145,0
97131740,0,0.6293993,1
97134097,1,0.0022725065,0
97134983,2,0.27388832,0
97136095,1,0.0022725065,0
97137152,1,0.0028456352,0
97137650,1,0.004318531,0
97137688,1,0.0025718273,0
97137768,0,0.48010594,1
97137782,1,0.003154121,0
97137785,2,0.4389928,0
97139570,1,0.0026863872,0
97141255,0,0.6636781,1
97143661,0,0.62968755,1
97146268,3,0.1638535,0
97148836,1,0.0025729649,0
97149861,1,0.002689166,0
97151569,1,0.0022717214,0
97151927,0,0.38685134,1
97153332,1,0.007092052,0
97154270,1,0.0022717214,0
97155597,2,0.22644244,0
97156271,0,0.6371873,1
97157739,2,0.42722514,0
97162837,0,0.6236679,1
97163158,0,0.34650263,1
97165179,1,0.0022717214,0
97166301,1,0.0025719276,0
97168005,0,0.62968755,1
97170648,1,0.0027117145,0
97171486,3,0.10564986,0
97173417,0,0.49074015,1
97175980,1,0.0022717214,0
97178435,0,0.5819288,1
97180901,3,0.02680593,0
97181887,1,0.0022717214,0
97184199,2,0.1264577,0
97186082,0,0.6636781,1
97187250,0,0.6636781,1
97188475,2,0.2935295,0
97188739,0,0.6371873,1
97190773,0,0.5117595,1
97191022,1,0.0027117145,0
97194425,1,0.026410516,0
97197486,1,0.0027097664,0
97199100,1,0.0028535412,0
97202653,1,0.0022671,0
97203471,1,0.0022725065,0
97205168,0,0.78103054,1
97210539,1,0.03846064,0
97213361,1,0.0022717214,0
97214173,0,0.6636781,1
97216020,1,0.0043603056,0
97217784,1,0.00306084,0
97218751,0,0.6636781,1
97220636,0,0.6291951,1
97222332,1,0.0022725065,0
97223738,1,0.0036568488,0
97225663,2,0.033221453,0
97225740,0,0.6366831,1
97228457,1,0.0022709982,0
97229102,1,0.0022717214,0
97229447,0,0.5584042,1
97230013,1,0.0022717214,0
97232227,1,0.0023743496,0
97234930,1,0.0035137436,0
97235432,0,0.6561531,1
97235669,0,0.5425059,1
97236589,0,0.6293993,1
97237418,0,0.49719623,1
97239006,0,0.7425828,1
97241963,3,0.0077352007,0
97242163,2,0.105427295,0
97243568,1,0.0024411734,0
97244214,0,0.62968755,1
97244267,0,0.7628987,1
97244463,1,0.0022725065,0
97245083,1,0.0027117145,0
97246377,1,0.0025721462,0
97246762,1,0.0025711204,0
97247291,0,0.72289526,1
97248348,0,0.71433246,1
97249181,0,0.56279516,1
97249862,0,0.520174,1
97254541,1,0.0025729649,0
97255384,0,0.58796656,1
97255562,1,0.019947238,0
97255778,1,0.003924363,0
97256056,1,0.0053056516,0
97263839,2,0.18291779,0
97266380,0,0.6281573,1
97266679,0,0.5429576,1
97267234,3,0.1435312,0
97267699,1,0.003404476,0
97269314,0,0.520174,1
97271381,0,0.6504151,1
97271643,1,0.0025096647,0
97271749,1,0.018051898,0
97275030,2,0.4210492,0
97275464,1,0.003071126,0
97276433,1,0.0030633695,0
97279570,1,0.002979299,0
97280153,0,0.62968755,1
97283051,2,0.14515136,0
97287155,1,0.002912558,0
97287874,1,0.018409211,0
97288292,1,0.0066978093,0
97288790,1,0.0023752963,0
97288948,0,0.80485135,1
97291145,1,0.0022725065,0
97295336,1,0.10313555,0
97295814,0,0.6319951,1
97295823,0,0.58889824,1
97296194,1,0.0035769953,0
97296374,0,0.44139344,1
97296495,1,0.0025708803,0
97296961,1,0.0045920853,0
97300925,1,0.003071126,0
97301838,1,0.004711363,0
97301891,1,0.008882219,0
97306286,1,0.0064789755,0
97306300,1,0.039523117,0
97306356,0,0.5597819,1
97308042,2,0.37778354,0
97311841,1,0.0022700895,0
97313164,3,0.020778986,0
97314929,1,0.0022717214,0
97316999,0,0.5764591,1
97317005,3,0.02540454,0
97318010,1,0.0030709319,0
97318034,0,0.57491636,1
97319560,1,0.00227023,0
97320942,1,0.00227023,0
97321331,1,0.0022717214,0
97321438,1,0.0024395534,0
97325448,2,0.26556447,0
97327536,1,0.0039776675,0
97328515,1,0.0022717214,0
97329283,1,0.0022725065,0
97334447,1,0.0022725065,0
97335480,1,0.0026132693,0
97341450,0,0.51191515,1
97341515,1,0.0033021516,0
97341540,0,0.52659565,1
97341854,0,0.42688504,1
97345034,2,0.084226884,0
97345615,0,0.5935741,1
97346372,1,0.0024387287,0
97348484,1,0.0028550022,0
97349905,1,0.0025729649,0
97353649,1,0.0022700895,0
97358681,1,0.0033453295,0
97362817,1,0.003515542,0
97365360,0,0.67315805,1
97365981,0,0.5120579,1
97368140,1,0.0022717214,0
97368589,1,0.00244033,0
97370389,1,0.002568705,0
97371649,1,0.0024385776,0
97375722,1,0.003071126,0
97377511,0,0.6368922,1
97378400,1,0.0025712766,0
97379212,0,0.51990306,1
97383815,0,0.6281573,1
97385766,1,0.0039864248,0
97386111,0,0.51179534,1
97388861,1,0.028846014,0
97391016,3,0.053448834,0
97395753,0,0.48662934,1
97399033,1,0.0022709982,0
97399242,1,0.0022671,0
97400572,1,0.0022698804,0
97400652,1,0.00244033,0
97400732,1,0.0022717214,0
97401445,1,0.0027097664,0
97401783,1,0.00244033,0
97405549,0,0.6652861,1
97405690,1,0.0025739844,0
97406627,0,0.6876949,1
97406746,3,0.21909,0
97406939,1,0.008264787,0
97409536,0,0.5333618,1
97409659,1,0.0022698804,0
97409753,1,0.0022709982,0
97410387,1,0.0025729649,0
97410950,0,0.61146986,1
97411502,1,0.0022725065,0
97414084,1,0.004746225,0
97415074,2,0.32679468,0
97416454,1,0.0022717214,0
97417036,1,0.00227023,0
97419809,2,0.32026994,0
97419903,0,0.6371873,1
97420119,0,0.5656647,1
97422498,1,0.004191607,0
97422808,1,0.002573854,0
97425310,1,0.0073884744,0
97425907,1,0.027002752,0
97427765,1,0.003404476,0
97429105,0,0.6293993,1
97429878,0,0.62474275,1
97430961,1,0.004195169,0
97435290,1,0.0026856144,0
97437923,1,0.0022725065,0
97438145,0,0.5207174,1
97441873,1,0.0027117145,0
97443124,1,0.002272221,0
97443904,1,0.0024383988,0
97443947,1,0.013600482,0
97445112,1,0.0022717214,0
97447076,1,0.0031480915,0
97447720,1,0.0025712766,0
97447955,1,0.0035202769,0
97448653,0,0.4565537,1
97450536,3,0.13433267,0
97450836,1,0.0025728284,0
97451987,1,0.0024411734,0
97453548,1,0.00244033,0
97456487,1,0.020880349,0
97456909,2,0.32602447,0
97457875,1,0.0054133795,0
97458176,0,0.5429576,1
97458961,1,0.014230629,0
97462043,1,0.003071126,0
97463479,1,0.0025098296,0
97463590,0,0.6391154,1
97465170,0,0.62968755,1
97465549,1,0.002573854,0
97468440,1,0.01849964,0
97469130,3,0.01574757,0
97470699,1,0.0022717214,0
97479631,0,0.5116094,1
97480154,3,0.012865699,0
97481491,0,0.5120579,1
97481728,1,0.0026931814,0
97484073,0,0.63175976,1
97484628,0,0.63924116,1
97487527,1,0.0024385776,0
97487970,1,0.0022709982,0
97491046,3,0.1835355,0
97491527,1,0.15940498,0
97491686,0,0.45098686,1
97493827,1,0.0027117145,0
97493849,1,0.0022707165,0
97502587,1,0.004191607,0
97502659,1,0.005658118,0
97503618,0,0.5291237,1
97503927,0,0.520174,1
97505610,1,0.00285885,0
97506845,1,0.010431713,0
97508375,2,0.37606806,0
97509002,3,0.027965384,0
97510208,1,0.0028550022,0
97512863,1,0.0035095306,0
97513893,0,0.6363884,1
97513985,1,0.002440176,0
97516075,1,0.0022717214,0
97797560,0,0.6839894,1
97804344,1,0.1739337,0
97810106,3,0.009817993,0
97905770,1,0.092494145,0
97908813,3,0.112982824,0
97966147,3,0.028251534,0
98022817,0,0.5682289,1
98174466,1,0.0025719276,0
98177741,1,0.0027117145,0
98178468,1,0.002852196,0
98180301,0,0.5429576,1
98182902,0,0.62392354,1
98191240,0,0.59264606,1
98193625,0,0.62968755,1
98195559,0,0.6602641,1
98196690,1,0.002573854,0
98214461,1,0.0024317598,0
98215111,1,0.0036565065,0
98218083,1,0.0022698804,0
98231233,1,0.0027097664,0
98234307,0,0.6636781,1
98235868,1,0.0028550022,0
98242693,1,0.0022698804,0
98242830,1,0.0038835958,0
98245601,0,0.6458583,1
98247380,1,0.0022725065,0
98249072,0,0.7286279,1
98251351,2,0.25727877,0
98251818,0,0.650054,1
98252950,1,0.029027952,0
98255276,0,0.5031907,1
98262196,1,0.00227023,0
98276884,0,0.6700887,1
98280648,1,0.0022717214,0
98285042,1,0.002689166,0
98286552,1,0.0025729649,0
98288677,2,0.399842,0
98290222,1,0.043586377,0
98292410,1,0.013000643,0
98297787,1,0.010703803,0
98298172,0,0.65844977,1
98304985,0,0.6371873,1
98307232,1,0.0026132693,0
98307478,1,0.0025729649,0
98308250,3,0.030241156,0
98310137,0,0.6153603,1
98312832,0,0.59882826,1
98313148,0,0.66330683,1
98325635,2,0.38546887,0
98327188,0,0.6656596,1
98327581,0,0.50616646,1
98328403,0,0.5574378,1
98335086,2,0.28161615,0
98335548,3,0.0076149255,0
98340372,0,0.733675,1
98345347,0,0.66340506,1
98347407,2,0.0706075,0
98348761,1,0.0035137436,0
98353726,1,0.0022717214,0
98357466,1,0.0022725065,0
98358337,2,0.17160393,0
98359646,1,0.004546677,0
98360343,0,0.5120579,1
98363346,1,0.0027276601,0
98364325,0,0.5120579,1
98365751,1,0.00244033,0
98366480,0,0.52659565,1
98369353,0,0.6855574,1
98371251,0,0.75758916,1
98373232,0,0.6627994,1
98373835,0,0.5224131,1
98377040,3,0.04881593,0
98378678,0,0.65005845,1
98379966,3,0.14654452,0
98382333,2,0.43309593,0
98383627,1,0.0035137436,0
98386806,0,0.5189842,1
98396586,0,0.6094022,1
98397167,1,0.0022717214,0
98397434,1,0.002272395,0
98402534,0,0.5930434,1
98405192,1,0.002755278,0
98406136,1,0.00244033,0
98410159,0,0.6240734,1
98420010,1,0.0027126516,0
98424535,0,0.50556123,1
98427692,2,0.26050013,0
98427720,1,0.00244033,0
98428283,1,0.0022717214,0
98429866,0,0.6636781,1
98445909,1,0.0035137436,0
98446135,0,0.79225326,1
98446270,1,0.002439346,0
98446770,0,0.44061399,1
98448310,0,0.5206868,1
98453437,1,0.0027126516,0
98460129,1,0.0025712766,0
98460401,1,0.0051284404,0
98460936,1,0.002850117,0
98467812,3,0.00833475,0
98468705,1,0.0022725065,0
98472209,2,0.42363152,0
98472366,1,0.0024387287,0
98472377,1,0.00244033,0
98481180,1,0.037446607,0
98484124,2,0.30399048,0
98486930,1,0.0028535412,0
98488489,1,0.0028445737,0
98498542,1,0.0026661607,0
98499731,2,0.3439581,0
98502563,0,0.6501815,1
98502869,2,0.09453372,0
98503046,1,0.012499661,0
98503597,0,0.5120579,1
98504489,1,0.004368837,0
98508219,1,0.0027095997,0
98509706,3,0.007795663,0
98509714,0,0.8055562,1
98511490,0,0.62968755,1
98513356,0,0.6105538,1
98515184,3,0.014024024,0
98517205,0,0.62552863,1
98522035,0,0.52131575,1
98523039,1,0.00285885,0
98526963,1,0.10776135,0
98528900,3,0.022628369,0
98535599,1,0.0028445737,0
98536274,1,0.0022717214,0
98544935,1,0.0030689205,0
98546869,2,0.05460777,0
98549355,3,0.035786226,0
98550832,2,0.06383452,0
98552582,1,0.0022709982,0
98557568,1,0.015141213,0
98557867,0,0.5200316,1
98558183,1,0.0024387287,0
98559099,1,0.0022717214,0
98564447,1,0.002432741,0
98565694,1,0.011500473,0
98568784,1,0.003404476,0
98575776,0,0.67159176,1
98577303,0,0.64848435,1
98577515,0,0.6293993,1
98581131,1,0.0022718236,0
98581868,1,0.0046095233,0
98581872,1,0.0029127311,0
98582683,1,0.0036529622,0
98583570,3,0.14272472,0
98584936,1,0.003064019,0
98588988,1,0.0025729649,0
98592603,1,0.002573854,0
98593360,2,0.37804484,0
98593717,0,0.6502625,1
98594031,1,0.0024317969,0
98594727,2,0.14206311,0
98603100,0,0.6205798,1
98603606,1,0.0022700895,0
98604875,1,0.002912886,0
98604885,1,0.003051418,0
98607541,1,0.0030596387,0
98608574,0,0.62968755,1
98609217,1,0.0030619407,0
98611573,1,0.002254879,0
98612524,0,0.47615325,1
98612759,1,0.0027097664,0
98616255,1,0.00227023,0
98616648,0,0.62968755,1
98616673,3,0.008187462,0
98618033,0,0.6371873,1
98619365,3,0.25790387,0
98621027,2,0.22050843,0
98621168,3,0.054946914,0
98621903,1,0.0022709982,0
98622632,1,0.0027117145,0
98622802,2,0.09923501,0
98626547,1,0.0022698804,0
98626719,1,0.0022725065,0
98626761,1,0.0022725065,0
98627246,3,0.088533945,0
98630209,1,0.0025709593,0
98631214,1,0.0025699164,0
98632217,1,0.0022709982,0
98633687,1,0.0027105147,0
98634976,3,0.108375564,0
98639587,2,0.40673327,0
98640763,1,0.0022673102,0
98641540,1,0.0032781835,0
98642093,0,0.4610927,1
98644205,1,0.0025729649,0
98644679,3,0.022812627,0
98644894,1,0.0027077626,0
98649599,1,0.0024395534,0
98655221,3,0.027898205,0
98657889,1,0.0024392507,0
98658394,1,0.0029119588,0
98659271,1,0.00251161,0
98659992,3,0.011837523,0
98660565,1,0.0022717214,0
98661085,0,0.6601586,1
98661288,1,0.0024385776,0
98662057,0,0.5206868,1
98663494,1,0.0058927545,0
98664816,1,0.0025732396,0
98665036,1,0.00244033,0
98666423,1,0.0022709982,0
98667356,1,0.010472045,0
98667663,0,0.58398116,1
98668199,1,0.002707458,0
98669322,1,0.009708834,0
98669967,3,0.10067684,0
98670769,3,0.007063685,0
98671989,1,0.00227023,0
98672567,1,0.0035071322,0
98673488,1,0.0022725065,0
98673751,0,0.74229795,1
98674227,1,0.0022717214,0
98675050,1,0.0022725065,0
98675353,1,0.0024385776,0
98680081,1,0.004395403,0
98681244,1,0.0022725065,0
98683263,3,0.01746251,0
98683612,1,0.0025515726,0
98684089,1,0.0022717214,0
98684229,0,0.6371873,1
98684507,1,0.0027105147,0
98686518,0,0.6652861,1
98687267,1,0.00285885,0
98687916,1,0.0027126516,0
98688844,0,0.62446445,1
98689175,0,0.7235992,1
98692015,3,0.33415738,0
98693215,0,0.6371873,1
98693267,1,0.0035095306,0
98698820,0,0.6786128,1
98709781,2,0.05707767,0
98710220,0,0.520174,1
98712424,1,0.0022725065,0
98716698,1,0.0027126516,0
98716807,1,0.00244033,0
98718043,0,0.62968755,1
98718343,1,0.0028550022,0
98720241,3,0.24804212,0
98720948,1,0.0024385776,0
98723853,2,0.039994236,0
98724172,1,0.0022709982,0
98730052,0,0.6234326,1
98731904,0,0.40595642,1
98732836,0,0.6652861,1
98734863,0,0.5282085,1
98734942,1,0.0022725065,0
98735691,1,0.0022708047,0
98736634,0,0.61146986,1
98739459,0,0.66330683,1
98740271,1,0.0022689262,0
98741939,1,0.0054225805,0
98742266,3,0.104441404,0
98747283,3,0.019445797,0
98747866,0,0.79280746,1
98750425,1,0.08441606,0
98754670,1,0.00244033,0
98755494,1,0.0024411734,0
98755766,3,0.008598161,0
98756840,3,0.04303779,0
98756887,1,0.0027117145,0
98758908,1,0.0022700895,0
98759688,0,0.37507862,1
98760248,1,0.0022717214,0
98763705,1,0.0047541605,0
98763878,1,0.005033115,0
98765841,1,0.0024387287,0
98768457,0,0.80512816,1
98769139,1,0.0022725065,0
98771882,1,0.0028505058,0
98772211,1,0.005353957,0
98775028,1,0.002272221,0
98777774,0,0.53311163,1
98779265,1,0.011790679,0
98781498,1,0.003276586,0
98784578,1,0.0028423676,0
98784902,3,0.02609571,0
98785120,1,0.0030619407,0
98787715,0,0.52142906,1
98791326,3,0.007908678,0
98793089,1,0.0028445737,0
98794497,0,0.561924,1
98795938,0,0.50234956,1
98796291,0,0.58493936,1
98796613,2,0.26024085,0
98800051,0,0.520174,1
98800177,1,0.0022700895,0
98801134,1,0.0022715777,0
98803384,0,0.7647157,1
98803479,1,0.3126573,0
98808448,1,0.0029138923,0
98809061,0,0.63175976,1
98811229,1,0.00227023,0
98811968,0,0.5008079,1
98812242,0,0.6289073,1
98813007,1,0.01667815,0
98813439,1,0.0031504992,0
98814794,1,0.002573854,0
98815247,1,0.0054757115,0
98818316,1,0.002573854,0
98819364,0,0.5282085,1
98820112,1,0.0022725065,0
98822255,0,0.6234326,1
98827819,0,0.34809148,1
98829414,1,0.004725648,0
98829824,1,0.0024385804,0
98832788,1,0.00244033,0
98834113,1,0.0022717214,0
98834180,0,0.6268443,1
98836307,1,0.0030701486,0
98836570,1,0.0022725065,0
98836648,3,0.16677707,0
98838108,1,0.002432741,0
98839012,1,0.0062961215,0
98840184,0,0.6293993,1
98840493,1,0.0047457814,0
98845143,3,0.2760714,0
98848387,1,0.0028535412,0
98848952,2,0.41817835,0
98850477,1,0.00244033,0
98851008,1,0.00244033,0
98851408,1,0.0024387287,0
98852558,0,0.60801166,1
98852756,1,0.0027117145,0
98854955,0,0.59289193,1
98855764,1,0.0024411734,0
98860459,1,0.006013247,0
98864072,1,0.00284504,0
98869444,1,0.00251161,0
98870628,1,0.0025712766,0
98871413,1,0.00244033,0
98872924,2,0.12603118,0
98875247,1,0.002573854,0
98875249,0,0.64547867,1
98878479,1,0.0024411734,0
98882752,0,0.7650033,1
98883474,1,0.005403099,0
98885163,1,0.007151139,0
98886397,1,0.00251161,0
98886529,1,0.013906328,0
98891038,1,0.012897946,0
98891692,0,0.8055562,1
98891695,0,0.5117595,1
98896645,1,0.0028445737,0
98900607,0,0.5116094,1
98902625,0,0.51179534,1
98903725,1,0.00244033,0
98907597,0,0.551037,1
98908426,0,0.520174,1
98908752,1,0.028463056,0
98909103,3,0.025011055,0
98913847,1,0.003071126,0
98915837,0,0.7427292,1
98916601,0,0.50500077,1
98918672,1,0.0030598235,0
98918882,1,0.0024411734,0
98919575,1,0.0025721462,0
98921236,3,0.029868899,0
98921577,1,0.0030689205,0
98923971,0,0.44367808,1
98924293,1,0.0025677322,0
98930416,1,0.002573854,0
98931507,1,0.002258489,0
98931696,3,0.026975311,0
98933338,1,0.17177097,0
98934629,1,0.029162444,0
98934651,0,0.63924617,1
98935188,0,0.62968755,1
98936509,1,0.0027117145,0
98940267,1,0.033778206,0
98941417,0,0.6222936,1
98944054,1,0.0025708803,0
98945967,3,0.025398996,0
98946401,1,0.003515542,0
98948192,0,0.6293993,1
98950075,0,0.6652861,1
98950441,1,0.015988711,0
98951431,2,0.477005,0
98954384,1,0.0022709982,0
98954511,1,0.011505456,0
98956001,3,0.14839092,0
98956582,0,0.6636781,1
98956668,2,0.40093312,0
98957427,0,0.520174,1
98958023,1,0.0024387287,0
98959932,0,0.7032988,1
98961894,0,0.7853877,1
98963043,0,0.6156673,1
98966260,1,0.0022717214,0
98967474,0,0.6371873,1
98969844,1,0.0022698804,0
98971731,1,0.0022709982,0
98973642,0,0.520174,1
98974685,3,0.18575601,0
98978773,1,0.0032824774,0
98979756,0,0.6781125,1
98988271,3,0.027145417,0
98988531,1,0.0023760914,0
98989953,0,0.6371873,1
98992450,1,0.011511668,0
98993229,1,0.0024395534,0
98993289,0,0.5483051,1
98997856,1,0.0036568488,0
98998689,0,0.520174,1
99000192,0,0.520174,1
99002358,1,0.0022709982,0
99010415,3,0.098578,0
99010622,0,0.44510347,1
99011211,2,0.27763635,0
99011758,0,0.5993814,1
99017777,2,0.034700435,0
99019391,2,0.09284134,0
99019929,1,0.02680514,0
99019964,0,0.4031791,1
99023010,1,0.0063187424,0
99023470,0,0.62642324,1
99024684,2,0.28055543,0
99025088,0,0.64547867,1
99025257,1,0.0024395534,0
99025306,0,0.52346736,1
99027068,0,0.6371873,1
99027904,1,0.0022717214,0
99028568,0,0.741176,1
99028847,0,0.58839816,1
99030761,1,0.002438353,0
99030961,0,0.7223348,1
99032238,1,0.0025708803,0
99032487,3,0.20275575,0
99034004,0,0.6475219,1
99035298,1,0.0022671,0
99038077,3,0.06426054,0
99038721,0,0.6293993,1
99041098,0,0.6478972,1
99043200,1,0.00251161,0
99043400,1,0.0024387287,0
99052325,0,0.41798377,1
99052497,1,0.0022717214,0
99053639,1,0.002271245,0
99054181,3,0.0492646,0
99055694,1,0.0022725065,0
99056220,2,0.22498398,0
99058003,1,0.00458143,0
99058233,1,0.002912886,0
99058528,0,0.520174,1
99061456,1,0.00244033,0
99061558,0,0.7619826,1
99065872,3,0.05559558,0
99066451,1,0.0025729649,0
99067413,0,0.6371873,1
99069446,0,0.520174,1
99071521,0,0.6371873,1
99072533,3,0.07457015,0
99073295,0,0.5537665,1
99073360,1,0.005770591,0
99074507,0,0.63477576,1
99075186,1,0.0023737755,0
99079083,0,0.616047,1
99079464,1,0.17139396,0
99079629,0,0.4689602,1
99080086,0,0.7417296,1
99083644,1,0.0024387287,0
99084827,1,0.002912886,0
99086014,1,0.0025719276,0
99086593,0,0.6621249,1
99086994,0,0.520174,1
99087416,0,0.73718256,1
99091680,2,0.10786676,0
99093730,1,0.0032973718,0
99096678,0,0.615802,1
99098486,2,0.390591,0
99100890,0,0.62968755,1
99101502,1,0.0022717214,0
99101545,1,0.0043357536,0
99108439,1,0.0022717214,0
99111595,0,0.50533694,1
99112025,0,0.5263222,1
99112381,0,0.6368922,1
99113334,1,0.0022700895,0
99114900,0,0.6384287,1
99115017,1,0.0025712766,0
99115999,2,0.20656614,0
99117820,1,0.0026141724,0
99118176,0,0.57985383,1
99126462,1,0.0027117145,0
99126908,1,0.0023723824,0
99129730,0,0.6371873,1
99133361,0,0.520174,1
99135399,0,0.5448867,1
99136392,0,0.6371873,1
99137092,0,0.4938479,1
99137381,1,0.002910794,0
99137494,0,0.46751648,1
99138489,1,0.0022717214,0
99139558,0,0.5120579,1
99141628,1,0.015494834,0
99143685,1,0.0022717214,0
99143762,1,0.0024373282,0
99144162,1,0.002272395,0
99144509,2,0.2851011,0
99145512,3,0.02816115,0
99147527,0,0.73045915,1
99155661,0,0.6636781,1
99158614,1,0.0022700895,0
99161042,0,0.5282085,1
99163090,1,0.0022717214,0
99163469,0,0.7286279,1
99163920,1,0.0025729649,0
99164784,1,0.0024353666,0
99164826,0,0.6371873,1
99167109,1,0.0022709982,0
99172426,1,0.0033327031,0
99174306,1,0.0059317686,0
99174625,1,0.0022717214,0
99177581,0,0.520174,1
99183544,1,0.0035211248,0
99184516,2,0.1836031,0
99185058,1,0.0022725065,0
99186254,1,0.008495499,0
99186989,0,0.5469241,1
99189882,0,0.53924966,1
99190657,1,0.0026899513,0
99191196,2,0.32608944,0
99191646,0,0.6635519,1
99191779,1,0.0028535412,0
99197158,1,0.0022725065,0
99199617,0,0.6371873,1
99200840,1,0.0030721868,0
99201413,1,0.00251161,0
99201930,1,0.0028456352,0
99202634,1,0.0025728284,0
99203021,2,0.40137234,0
99203935,1,0.0030667696,0
99205049,1,0.0028445737,0
99205506,1,0.0030576885,0
99205534,1,0.00397903,0
99205965,0,0.72195554,1
99206002,0,0.65844977,1
99207267,1,0.003051665,0
99208715,1,0.0022717214,0
99210652,1,0.0026858042,0
99211117,0,0.41424274,1
99212115,0,0.51191515,1
99214851,0,0.808032,1
99218484,0,0.6720026,1
99220413,3,0.10050911,0
99222776,1,0.0022725065,0
99227126,1,0.0029307238,0
99228863,1,0.0029138923,0
99229345,1,0.0023752963,0
99230127,1,0.017383583,0
99233615,0,0.6293993,1
99233761,0,0.5125548,1
99233923,0,0.688214,1
99234632,0,0.38145727,1
99236352,0,0.69187254,1
99241117,3,0.29931077,0
99241822,1,0.002573854,0
99243412,3,0.2506136,0
99244479,1,0.0035095306,0
99245900,1,0.0022725065,0
99247345,1,0.0028445737,0
99255409,1,0.002711146,0
99255524,1,0.0022717214,0
99256657,2,0.40719736,0
99256973,1,0.0022717214,0
99257067,0,0.51944065,1
99259225,1,0.0027126516,0
99266448,1,0.00227023,0
99267090,0,0.6627994,1
99267923,1,0.00227023,0
99268974,1,0.0025729649,0
99269259,0,0.5120579,1
99270483,1,0.003515542,0
99272638,1,0.004191607,0
99272869,1,0.0022717214,0
99275254,1,0.003673513,0
99276799,0,0.520174,1
99278296,0,0.611035,1
99279123,1,0.0022725065,0
99283033,0,0.62968755,1
99284224,1,0.0030709018,0
99286098,1,0.0022708047,0
99288486,1,0.0024385776,0
99289648,0,0.5934406,1
99289758,0,0.51179534,1
99291623,1,0.00244033,0
99291861,3,0.021845618,0
99292436,1,0.0023714516,0
99297036,1,0.0022725065,0
99297596,0,0.5120579,1
99299285,0,0.58884746,1
99300952,0,0.6169551,1
99303122,1,0.002750904,0
99304312,0,0.5120579,1
99304974,2,0.05011982,0
99306886,1,0.0022717214,0
99309445,1,0.0023743496,0
99311099,1,0.0022717214,0
99311174,3,0.07682672,0
99313071,2,0.26760352,0
99314510,1,0.0022717214,0
99315414,0,0.6214274,1
99317040,0,0.520174,1
99318614,1,0.0022725065,0
99320443,0,0.6900789,1
99323224,1,0.0022717214,0
99323740,1,0.0030637558,0
99324012,1,0.28693268,0
99326442,1,0.0022671,0
99327833,1,0.06372147,0
99329918,2,0.19974217,0
99333083,1,0.002573854,0
99334126,1,0.0022671,0
99335292,0,0.67785186,1
99337907,0,0.71740305,1
99338174,0,0.6293993,1
99338464,1,0.0025729649,0
99341586,0,0.57030904,1
99343991,1,0.002711543,0
99346620,1,0.0022717214,0
99348304,1,0.0024385776,0
99351293,1,0.0027117145,0
99351842,1,0.0030721868,0
99352314,1,0.0030619407,0
99354087,1,0.00244033,0
99354097,1,0.005135582,0
99354292,0,0.73863125,1
99355146,1,0.002744394,0
99355961,1,0.054196596,0
99360971,0,0.5142941,1
99362095,1,0.0022717214,0
99363918,0,0.7843287,1
99367142,0,0.6219427,1
99367427,1,0.0030516423,0
99370530,0,0.5142941,1
99372296,0,0.5426153,1
99372551,1,0.0024335817,0
99374639,0,0.53791404,1
99379412,0,0.56068045,1
99379516,2,0.42930427,0
99382824,1,0.0024385776,0
99384479,2,0.12275557,0
99387603,1,0.00227023,0
99388082,1,0.002439346,0
99389719,1,0.0026141724,0
99391091,1,0.004507231,0
99391220,0,0.62968755,1
99391924,0,0.5054865,1
99393504,1,0.0022717214,0
99397218,0,0.62968755,1
99397468,1,0.0028456352,0
99402501,0,0.6384287,1
99403921,0,0.5120579,1
99409434,0,0.58137506,1
99409721,1,0.0022717214,0
99411915,1,0.008643905,0
99414011,0,0.5702806,1
99414596,1,0.0024374314,0
99414684,1,0.13035508,0
99416920,1,0.0022715777,0
99417772,1,0.0035108612,0
99417928,3,0.036936644,0
99418847,0,0.6733136,1
99419672,2,0.25124362,0
99420162,1,0.0022681244,0
99423825,1,0.014322713,0
99431124,0,0.6086861,1
99432111,0,0.7230303,1
99432205,1,0.0076319478,0
99433434,1,0.0038908732,0
99436741,1,0.0035137436,0
99437210,1,0.0025729649,0
99437246,1,0.2712378,0
99438805,2,0.041025084,0
99440038,0,0.62968755,1
99444277,1,0.002912886,0
99446364,1,0.00244033,0
99448045,0,0.7000316,1
99449931,1,0.0022717214,0
99450503,0,0.6656596,1
99450567,3,0.07127291,0
99452863,0,0.63023293,1
99453840,1,0.00244033,0
99455189,2,0.26620507,0
99456041,0,0.6454336,1
99456612,0,0.51971114,1
99458032,1,0.00244033,0
99458968,1,0.0022679588,0
99459872,0,0.66330683,1
99463429,0,0.50616646,1
99463439,0,0.5120579,1
99464374,1,0.0022698804,0
99465129,3,0.09564825,0
99466470,1,0.0022717214,0
99472881,0,0.62968755,1
99473056,0,0.5047798,1
99475361,3,0.030828133,0
99476155,1,0.106218375,0
99476653,1,0.0022725065,0
99476840,1,0.0022717214,0
99480785,1,0.0022717214,0
99482131,0,0.6021874,1
99484831,0,0.6366831,1
99486094,2,0.094873756,0
99489474,2,0.3725251,0
99490231,1,0.00397903,0
99490268,3,0.027867591,0
99495957,2,0.37916502,0
99496233,1,0.03527873,0
99497073,1,0.0022717214,0
99500151,1,0.00244033,0
99501483,1,0.017460171,0
99502411,1,0.0068607484,0
99503549,1,0.0022717214,0
99503649,1,0.054377407,0
99505916,2,0.4389795,0
99506395,0,0.70894307,1
99508813,3,0.08874621,0
99509175,1,0.0022699498,0
99509442,1,0.00285885,0
99517692,1,0.0034008569,0
99519255,1,0.0022725065,0
99519410,1,0.0022719637,0
99519625,0,0.6636781,1
99525502,0,0.62968755,1
99525816,1,0.0022725065,0
99526871,1,0.002689166,0
99527792,0,0.5665962,1
99529417,1,0.0036587198,0
99530618,1,0.0022725065,0
99530907,0,0.520174,1
99531536,1,0.002912886,0
99533299,0,0.75068647,1
99534247,1,0.00244033,0
99537142,1,0.00244033,0
99538669,0,0.5120579,1
99539115,1,0.045988437,0
99540276,0,0.6366831,1
99543833,3,0.03954317,0
99545102,1,0.0022698804,0
99545467,1,0.0035024087,0
99545603,2,0.25284463,0
99547326,0,0.6370562,1
99548073,0,0.5850412,1
99552232,1,0.0025096615,0
99553736,0,0.5204006,1
99557049,0,0.52219087,1
99559947,2,0.13385981,0
99560307,1,0.0035137436,0
99560656,1,0.0029138923,0
99561015,0,0.56050193,1
99561164,1,0.0045080697,0
99561252,3,0.21875145,0
99561551,0,0.41539532,1
99563160,0,0.51179534,1
99563504,1,0.0022717214,0
99564520,1,0.0028535412,0
99564643,1,0.00244033,0
99565459,1,0.0022717214,0
99565600,3,0.0867355,0
99566634,1,0.0031504992,0
99567011,1,0.0042968416,0
99570030,0,0.5816572,1
99570084,0,0.6295551,1
99570890,0,0.7141604,1
99572062,1,0.0034461564,0
99572407,1,0.00244033,0
99572529,1,0.0042879474,0
99575686,0,0.641431,1
99577214,0,0.520174,1
99578115,1,0.0025096615,0
99579046,0,0.5120579,1
99580386,1,0.005371089,0
99580777,2,0.15138312,0
99581829,1,0.002573854,0
99582518,1,0.0022725065,0
99583621,1,0.016815482,0
99584337,1,0.0036587198,0
99585436,1,0.0046078553,0
99587215,1,0.00285885,0
99588686,1,0.0023743496,0
99590617,1,0.0022717214,0
99592042,0,0.6631881,1
99592088,1,0.0022709982,0
99592670,0,0.520174,1
99592805,1,0.0024411734,0
99593503,0,0.52659565,1
99595564,1,0.0074771596,0
99595650,1,0.0025718273,0
99596280,1,0.0026889697,0
99599009,0,0.51990306,1
99600914,0,0.6816489,1
99602813,0,0.74575967,1
99603638,1,0.0022725065,0
99605951,1,0.0026871308,0
99607211,1,0.0033006128,0
99608229,1,0.09306795,0
99614827,0,0.7629632,1
99615426,1,0.018313562,0
99615665,0,0.62968755,1
99617585,1,0.0028445737,0
99617694,0,0.43844393,1
99619472,0,0.4856604,1
99622289,0,0.6371873,1
99623374,1,0.0022717214,0
99626352,1,0.00244033,0
99627768,1,0.0022671,0
99629963,0,0.49719623,1
99630368,0,0.615802,1
99630536,1,0.002573854,0
99632126,3,0.071072504,0
99632703,0,0.6391154,1
99633164,1,0.003064251,0
99634756,3,0.027227998,0
99635122,1,0.017714817,0
99639687,0,0.62153465,1
99640275,1,0.00244033,0
99642102,0,0.70090824,1
99643242,1,0.03889909,0
99644590,3,0.008550506,0
99647365,0,0.5955626,1
99650894,0,0.6302014,1
99651457,0,0.33623734,1
99655841,1,0.0027126516,0
99658011,1,0.0022689262,0
99659485,1,0.0022717214,0
99661352,1,0.0022717214,0
99661944,0,0.6293993,1
99662046,3,0.08931747,0
99662414,0,0.62968755,1
99665102,0,0.615802,1
99667126,1,0.00244033,0
99669163,2,0.3645679,0
99671442,1,0.0028550022,0
99671846,1,0.0022725065,0
99672063,0,0.7010436,1
99673418,0,0.6371873,1
99674251,1,0.003974803,0
99678140,1,0.0027097664,0
99680269,0,0.7223348,1
99680358,1,0.00397903,0
99684008,1,0.011586839,0
99684297,1,0.002573854,0
99684458,1,0.0032781835,0
99686465,1,0.0025729649,0
99688547,0,0.5429576,1
99688716,3,0.008123894,0
99688814,1,0.00244033,0
99689527,0,0.7581129,1
99691786,2,0.13192526,0
99692255,1,0.0033969397,0
99692664,1,0.002573854,0
99694431,1,0.00464389,0
99696493,1,0.0022725065,0
99703204,0,0.5429576,1
99704245,3,0.018602328,0
99705088,1,0.0027117145,0
99709350,1,0.0027097664,0
99709379,1,0.002912886,0
99710209,0,0.6636781,1
99710489,1,0.002689166,0
99712212,1,0.0043558828,0
99715603,0,0.58833355,1
99717920,1,0.002438353,0
99721187,1,0.0024374942,0
99722581,0,0.5519787,1
99722785,3,0.3050726,0
99726661,1,0.032260302,0
99729598,0,0.7223348,1
99731725,1,0.0022700923,0
99731750,2,0.4194845,0
99731818,1,0.002440176,0
99732020,1,0.003071126,0
99734414,2,0.49129212,0
99736504,0,0.6295551,1
99736973,1,0.0022690808,0
99737022,0,0.5116094,1
99741062,1,0.0023743496,0
99742042,1,0.00251161,0
99744234,1,0.0026902377,0
99747028,1,0.003511646,0
99747086,1,0.0025718273,0
99748718,2,0.060352016,0
99748807,1,0.0025125477,0
99749055,1,0.0025712766,0
99749788,1,0.00244033,0
99750072,1,0.00251161,0
99751497,0,0.62453717,1
99753359,0,0.71936655,1
99753482,1,0.00251161,0
99754508,1,0.0030633695,0
99755295,1,0.0046817926,0
99756638,1,0.0030652003,0
99759293,0,0.67293614,1
99761063,1,0.0046176706,0
99763266,1,0.030062834,0
99764020,1,0.0025729649,0
99764253,2,0.04852898,0
99765458,3,0.06254977,0
99767526,1,0.0030619407,0
99770489,0,0.50978684,1
99771208,1,0.011183422,0
99776123,0,0.6368922,1
99777416,0,0.6504151,1
99778701,1,0.002910794,0
99782718,1,0.0025712766,0
99783117,0,0.5120579,1
99790182,1,0.0023723824,0
99793135,0,0.5120579,1
99793280,0,0.67639095,1
99793379,1,0.03978383,0
99793409,1,0.006987754,0
99793826,1,0.0028456352,0
99794128,0,0.7595906,1
99795203,0,0.6155263,1
99796525,1,0.00227023,0
99798009,0,0.520174,1
99798844,3,0.048800953,0
99799070,1,0.0030721868,0
99799454,0,0.5565099,1
99799552,1,0.0025094948,0
99800350,1,0.0028535412,0
99801008,0,0.62968755,1
99805073,3,0.41843665,0
99807846,0,0.5371175,1
99810034,0,0.53605455,1
99810403,2,0.11767636,0
99812288,1,0.008737965,0
99813524,0,0.52659565,1
99813581,1,0.0044694603,0
99814701,1,0.00251161,0
99815995,1,0.0035426759,0
99816938,0,0.520174,1
99816966,1,0.0025712766,0
99817140,1,0.0022707165,0
99817589,2,0.11049968,0
99818943,1,0.0022700895,0
99822872,0,0.6155263,1
99822969,1,0.0022725065,0
99823707,3,0.006891678,0
99824567,0,0.77691036,1
99826196,2,0.25181758,0
99829429,0,0.6282891,1
99830255,1,0.002271245,0
99836862,0,0.82640773,1
99837987,1,0.042387508,0
99838783,1,0.0025094948,0
99842276,1,0.0030652003,0
99846289,1,0.0028423676,0
99846313,1,0.002573854,0
99847104,0,0.6371873,1
99850095,1,0.0022715777,0
99851258,1,0.0022717214,0
99852071,1,0.0025098296,0
99853533,1,0.0025677322,0
99854028,1,0.0025125477,0
99854171,1,0.002573854,0
99855399,1,0.009785588,0
99855461,1,0.002271245,0
99856763,1,0.0035126533,0
99864004,0,0.6371873,1
99864515,0,0.5953322,1
99864932,0,0.6279212,1
99866689,1,0.008980044,0
99866891,0,0.520174,1
99867131,1,0.002711543,0
99875354,0,0.68429685,1
99875737,1,0.002573854,0
99875999,1,0.0046514943,0
99876722,1,0.0024394148,0
99877378,1,0.002573854,0
99877462,0,0.64859784,1
99879032,1,0.0025125477,0
99879176,3,0.14473309,0
99881955,1,0.0022720664,0
99882500,1,0.00251161,0
99882821,0,0.6458583,1
99882940,0,0.6371873,1
99884218,1,0.012957133,0
99884508,0,0.6169551,1
99889470,0,0.525983,1
99890134,1,0.0022725065,0
99894468,0,0.6371873,1
99894483,2,0.4683636,0
99895610,1,0.00244033,0
99896383,1,0.0022717214,0
99898608,1,0.0025712766,0
99900013,0,0.68770283,1
99900984,3,0.04159469,0
99901157,1,0.003071126,0
99902455,0,0.7296361,1
99902614,1,0.0045771366,0
99904224,1,0.003071126,0
99905749,1,0.014252275,0
99909116,2,0.24865839,0
99909221,1,0.0022717214,0
99912502,1,0.02564188,0
99913835,0,0.493829,1
99916043,1,0.0022717214,0
99917729,1,0.0030617346,0
99920800,0,0.51971114,1
99921237,1,0.0030697677,0
99922056,3,0.039217677,0
99922212,1,0.0022717214,0
99922507,2,0.4851547,0
99922803,1,0.0022717214,0
99924369,1,0.0024385776,0
99927448,0,0.5116094,1
99928100,1,0.00251161,0
99929854,2,0.38716215,0
99932146,0,0.51990306,1
99932933,1,0.0025721462,0
99933472,0,0.5120579,1
99934657,2,0.21597473,0
99938982,1,0.03191468,0
99940984,1,0.0036098214,0
99945747,0,0.67785394,1
99949642,1,0.0024385776,0
99949791,1,0.008832469,0
99953369,2,0.19620383,0
99955443,0,0.45448273,1
99959776,1,0.0022725065,0
99960483,1,0.002689166,0
99960596,2,0.07331341,0
99963163,1,0.0025721462,0
99967784,1,0.00227023,0
99968013,1,0.0031558648,0
99969195,0,0.7517829,1
99970714,1,0.002910794,0
99971648,0,0.413373,1
99976873,0,0.6368922,1
99977605,1,0.0025677322,0
99978704,1,0.0022689262,0
99980089,1,0.008057236,0
99980488,2,0.3225621,0
99982823,3,0.04978021,0
99983489,1,0.0036568488,0
99987545,1,0.0028445737,0
99992958,1,0.0026902377,0
99993241,1,0.0045854794,0
99995905,1,0.003673513,0
99996436,1,0.0024386898,0
99998618,0,0.6652861,1
100001050,1,0.0022725065,0
100002068,0,0.7926196,1
100005017,1,0.0022709982,0
100005850,1,0.26632968,0
100006644,0,0.6371873,1
100009093,0,0.51990306,1
100009257,1,0.0024385776,0
100009531,1,0.0024408116,0
100013103,1,0.00227023,0
100013461,1,0.25192115,0
100015133,1,0.0025732396,0
100015790,1,0.0022708047,0
100016520,1,0.0027117145,0
100018863,1,0.0022715777,0
100020074,0,0.6636781,1
100020965,0,0.7616795,1
100025412,1,0.0022717214,0
100027764,1,0.0022690808,0
100030378,1,0.00244033,0
100034351,0,0.6370562,1
100035210,1,0.0022725065,0
100035980,1,0.0022725065,0
100036712,1,0.0022717214,0
100038905,1,0.03888629,0
100042239,1,0.0025729649,0
100047169,1,0.002375457,0
100048756,3,0.016541421,0
100049291,1,0.0024411734,0
100049358,0,0.73801285,1
100049690,1,0.010917106,0
100049904,1,0.0025125477,0
100050766,0,0.8068601,1
100053228,1,0.022330714,0
100054063,3,0.14341322,0
100055477,0,0.56012547,1
100056393,1,0.0022725065,0
100056629,0,0.6371873,1
100056929,1,0.0029137803,0
100059176,3,0.042223725,0
100060073,1,0.0031480915,0
100060923,2,0.49012092,0
100061326,2,0.32081,0
100064289,1,0.0027117145,0
100065929,1,0.0022709982,0
100066586,1,0.002573854,0
100067071,0,0.6371873,1
100071458,1,0.0028550022,0
100071464,1,0.036447648,0
100078945,1,0.0022717214,0
100079107,1,0.0022717214,0
100079976,0,0.6370562,1
100080723,0,0.62446445,1
100080957,0,0.6371873,1
100084872,1,0.0022717214,0
100086734,1,0.020015968,0
100087250,1,0.0022725065,0
100088769,1,0.007375039,0
100089042,0,0.6720026,1
100090015,0,0.65098125,1
100091033,0,0.78061867,1
100093412,0,0.33835927,1
100094736,2,0.13694368,0
100097614,1,0.0027117145,0
100098411,0,0.51971114,1
100099004,1,0.002912886,0
100105557,1,0.0022674834,0
100106193,1,0.0022700895,0
100106405,0,0.5282085,1
100107175,1,0.003404476,0
100107818,0,0.6371873,1
100107820,1,0.00251161,0
100110653,0,0.5187181,1
100112302,0,0.6353787,1
100113089,0,0.62968755,1
100114279,0,0.7027504,1
100115056,2,0.41994664,0
100115901,1,0.002568705,0
100117840,1,0.002573854,0
100118599,1,0.0025708803,0
100119070,1,0.017406093,0
100121046,1,0.0022725065,0
100122305,0,0.63562495,1
100122393,1,0.0022717214,0
100123507,1,0.0030652003,0
100126160,0,0.61076957,1
100126759,1,0.0032702703,0
100126938,1,0.0024395534,0
100127920,1,0.0027077626,0
100128604,1,0.005899368,0
100129112,1,0.002271245,0
100130708,1,0.024991777,0
100131786,0,0.6310666,1
100134873,1,0.00244033,0
100137147,1,0.003066652,0
100137800,0,0.520174,1
100139122,1,0.0022580607,0
100139397,0,0.62968755,1
100140930,0,0.5650722,1
100147179,1,0.0051352303,0
100147339,1,0.0051219687,0
100147809,1,0.0027077626,0
100148060,3,0.07071122,0
100148333,3,0.15701121,0
100151293,0,0.72195554,1
100154588,1,0.0022717214,0
100156101,0,0.70894307,1
100158168,1,0.00244033,0
100159612,0,0.51078445,1
100160469,1,0.0022707165,0
100161013,0,0.6775276,1
100161309,1,0.022083895,0
100164234,0,0.6370562,1
100164516,1,0.0022725065,0
100164851,0,0.7223348,1
100164949,0,0.6631881,1
100165489,1,0.00244033,0
100167023,1,0.0030619407,0
100167178,3,0.054889925,0
100167898,1,0.0024395534,0
100168722,1,0.0025728024,0
100168898,1,0.0060276794,0
100169650,0,0.5131399,1
100170633,1,0.0025737279,0
100170694,1,0.004191607,0
100170929,0,0.5712826,1
100171104,3,0.22411354,0
100172988,0,0.5116094,1
100172993,1,0.0030619407,0
100174843,1,0.0053094453,0
100176333,2,0.06209565,0
100176844,1,0.003071126,0
100179497,0,0.6660419,1
100180417,1,0.0036564078,0
100181632,0,0.6504151,1
100182386,1,0.0022717214,0
100184061,0,0.6293993,1
100184489,1,0.04597408,0
100186731,0,0.520174,1
100186891,3,0.00996865,0
100188461,0,0.7860357,1
100191802,0,0.51191515,1
100191974,1,0.0024410535,0
100193122,1,0.004605657,0
100196284,1,0.0036800744,0
100196824,0,0.6129348,1
100197776,0,0.69666165,1
100201767,1,0.0022717214,0
100203027,1,0.0025125477,0
100205655,1,0.0022717214,0
100207387,1,0.010967422,0
100207591,3,0.014545248,0
100207876,1,0.0025729649,0
100211339,0,0.52180415,1
100213091,0,0.6371873,1
100214286,1,0.00244033,0
100216762,0,0.62968755,1
100217679,1,0.0022698804,0
100219854,0,0.520174,1
100221252,1,0.0046411077,0
100223781,1,0.0038835958,0
100224174,1,0.0035137436,0
100225962,1,0.015739439,0
100227152,0,0.5120579,1
100227688,0,0.8329783,1
100229299,0,0.72791946,1
100230203,0,0.5120579,1
100231997,0,0.58884746,1
100233759,0,0.62968755,1
100237684,0,0.520174,1
100243278,0,0.6368922,1
100250167,0,0.5429576,1
100251495,1,0.002511466,0
100255922,1,0.007315278,0
100256326,3,0.0059567383,0
100257341,1,0.059231475,0
100258626,2,0.048331067,0
100259391,0,0.5428163,1
100260558,0,0.62968755,1
100260602,1,0.00244033,0
100263991,3,0.009448271,0
100264738,1,0.0022717214,0
100264919,0,0.77210575,1
100265012,0,0.59978133,1
100265481,1,0.0024411734,0
100267555,1,0.0027097664,0
100268512,1,0.0025537207,0
100268723,1,0.0025698005,0
100269188,1,0.0022717214,0
100281930,1,0.020173727,0
100285237,1,0.002910794,0
100285638,0,0.51402926,1
100287871,1,0.0024411734,0
100290291,1,0.0025729649,0
100291781,1,0.003154121,0
100294247,0,0.54793847,1
100297833,0,0.6999698,1
100298581,1,0.0024395534,0
100301207,1,0.0025729649,0
100301399,3,0.030869776,0
100302071,1,0.0022696855,0
100305990,1,0.0024411734,0
100306243,1,0.002271245,0
100307565,1,0.0027126516,0
100308660,1,0.0030615232,0
100309789,1,0.002511466,0
100311323,1,0.0022709982,0
100311758,1,0.0022725065,0
100312649,1,0.0022725065,0
100314518,0,0.6366831,1
100314897,1,0.002269029,0
100315498,1,0.0022725065,0
100317019,0,0.520174,1
100318626,1,0.0030652003,0
100322819,0,0.5254832,1
100323162,0,0.62968755,1
100324129,1,0.0022709982,0
100324197,1,0.0043095094,0
100325483,0,0.39134282,1
100326494,3,0.2992113,0
100326838,2,0.12847844,0
100327183,1,0.005393504,0
100328397,0,0.8055562,1
100328656,0,0.77407163,1
100328704,1,0.003974803,0
100330503,1,0.003584894,0
100331895,1,0.0027097664,0
100333016,1,0.0043864585,0
100333076,1,0.0030667696,0
100335950,1,0.0022700895,0
100336054,3,0.11288186,0
100341022,0,0.520174,1
100342563,1,0.0027117145,0
100343269,0,0.5120579,1
100343801,1,0.003454022,0
100344325,3,0.03971865,0
100344355,1,0.0024395534,0
100345096,0,0.6371873,1
100346470,1,0.0022717214,0
100346897,1,0.027164452,0
100347360,1,0.00227023,0
100348153,1,0.0022709982,0
100351264,1,0.0025729649,0
100353194,1,0.002912886,0
100354244,0,0.5295393,1
100355162,1,0.002573854,0
100359450,0,0.51179534,1
100363141,0,0.6155263,1
100363356,1,0.0035097727,0
100363376,1,0.0029115975,0
100363941,1,0.0034586545,0
100364172,1,0.00227023,0
100370285,0,0.51990306,1
100370411,0,0.64895284,1
100370566,0,0.615802,1
100373450,1,0.002573854,0
100374310,1,0.0024211195,0
100376088,0,0.6371873,1
100378207,0,0.520174,1
100378696,1,0.015035121,0
100378724,1,0.0028550022,0
100378862,1,0.0025737279,0
100381711,1,0.0113592865,0
100382507,0,0.6108631,1
100383056,1,0.0022709982,0
100386074,1,0.0023743496,0
100389754,0,0.6368922,1
100396221,0,0.6291951,1
100396564,1,0.0022721696,0
100399082,0,0.62968755,1
100400190,1,0.017885467,0
100402236,0,0.57165337,1
100402771,2,0.4443691,0
100404088,1,0.003066652,0
100408003,0,0.6242067,1
100412317,1,0.0022725065,0
100413909,1,0.0027117145,0
100414291,0,0.6635519,1
100416391,1,0.0022725065,0
100422905,1,0.0039451816,0
100424138,1,0.0026933427,0
100425107,1,0.0024411734,0
100425969,0,0.63295025,1
100426637,1,0.003071126,0
100427243,0,0.5425059,1
100427338,0,0.6876949,1
100427353,1,0.00227023,0
100428343,1,0.002912886,0
100429274,1,0.0022725065,0
100431099,2,0.101821065,0
100431405,0,0.51179534,1
100439584,1,0.0073884744,0
100440678,1,0.00244033,0
100440976,0,0.51990306,1
100445285,1,0.04768313,0
100447401,1,0.0025721462,0
100448247,0,0.33466387,1
100452758,1,0.0022717214,0
100452805,2,0.22518335,0
100454721,0,0.7060477,1
100454980,2,0.11587084,0
100462257,1,0.0028526573,0
100466545,0,0.72195554,1
100466552,0,0.49844214,1
100467178,3,0.011340073,0
100467831,2,0.043783236,0
100471056,1,0.002573854,0
100471359,0,0.75704896,1
100473732,0,0.62392354,1
100474054,0,0.520174,1
100475074,1,0.0048314095,0
100475335,0,0.73209494,1
100475485,1,0.0027117145,0
100477049,1,0.0022717214,0
100479711,1,0.0032779216,0
100480121,0,0.73391855,1
100480869,1,0.0023737755,0
100482216,1,0.003673513,0
100482854,1,0.0025721462,0
100485148,1,0.0024385776,0
100485869,1,0.026408324,0
100488563,2,0.43822476,0
100489342,2,0.4277205,0
100489358,3,0.30504978,0
100490119,1,0.0022700895,0
100490237,0,0.6627994,1
100497175,1,0.0028481684,0
100499799,0,0.51990306,1
100500079,1,0.0022725065,0
100501366,1,0.09662885,0
100503045,1,0.003071126,0
100508169,1,0.0027126516,0
100509843,0,0.70283496,1
100510239,1,0.0027117145,0
100512995,1,0.013559181,0
100514947,1,0.002573854,0
100515077,1,0.0022717214,0
100516252,1,0.0022727305,0
100517197,1,0.002689166,0
100523439,0,0.47304675,1
100525351,1,0.0024400237,0
100525563,3,0.38891795,0
100527649,1,0.0024394148,0
100529353,1,0.0022717214,0
100530728,1,0.0060276794,0
100532000,0,0.62968755,1
100535713,1,0.002573854,0
100536464,1,0.0025711174,0
100536608,1,0.028279033,0
100538583,1,0.002572713,0
100541912,0,0.46159136,1
100549441,1,0.0022709982,0
100549946,1,0.0032582458,0
100550253,1,0.0022717214,0
100551678,3,0.007716472,0
100553579,1,0.0032796173,0
100554614,2,0.34183437,0
100555024,1,0.0022717214,0
100555064,1,0.0054417658,0
100556083,1,0.00244033,0
100560649,1,0.0041598678,0
100563012,3,0.1782267,0
100564166,2,0.11048454,0
100565018,1,0.0035137436,0
100569422,1,0.0025721462,0
100570662,2,0.2509274,0
100570837,0,0.65085244,1
100571702,1,0.002573854,0
100572770,0,0.63739544,1
100573038,1,0.0023752963,0
100573058,1,0.0025729649,0
100573452,0,0.5193701,1
100575001,1,0.0022725065,0
100575093,1,0.0027121261,0
100579652,1,0.0028456352,0
100581174,1,0.0030709018,0
100583648,0,0.6371873,1
100585991,0,0.56012547,1
100586698,1,0.0049924646,0
100588416,0,0.5656647,1
100591146,0,0.63924617,1
100591806,0,0.6636781,1
100593139,0,0.6291951,1
100594696,0,0.6992,1
100601458,1,0.0022725065,0
100603356,1,0.0022717214,0
100606434,1,0.00244033,0
100606922,3,0.0883375,0
100607156,0,0.520174,1
100610965,0,0.6370562,1
100615973,0,0.62968755,1
100617096,2,0.09157541,0
100618003,1,0.0039346134,0
100618308,2,0.045076683,0
100624075,1,0.026317243,0
100624703,0,0.50656575,1
100625376,1,0.0030721868,0
100625948,1,0.0035100088,0
100626005,1,0.0024395534,0
100627336,1,0.0022725065,0
100630048,0,0.53838646,1
100630515,1,0.003051665,0
100630837,1,0.0022725065,0
100632054,1,0.003974803,0
100632488,0,0.66913164,1
100634343,0,0.61023015,1
100637521,1,0.0022717214,0
100638747,1,0.00251161,0
100639101,1,0.0024411734,0
100639872,1,0.0025729649,0
100641123,0,0.7235992,1
100643346,0,0.6428205,1
100644340,1,0.0026396434,0
100645414,0,0.6291951,1
100645982,2,0.13672756,0
100646619,1,0.00244033,0
100647878,1,0.00227023,0
100653181,1,0.0022715777,0
100653802,1,0.0022717214,0
100656792,0,0.506652,1
100657414,1,0.0022725065,0
100657991,1,0.005316331,0
100659280,3,0.05250318,0
100659333,1,0.0022717214,0
100659362,1,0.0024398186,0
100662805,1,0.008978616,0
100662883,1,0.0028535412,0
